시나리오,전략,1티어%,CAGR,MDD,Calmar,Sharpe,Sortino,최악일,배수,거래,승률
전체 2011~,이평4일,1,1.00674437158386,-0.3827063455883113,2.630592314941245,1.5450150624751955,2.1335549940572656,-0.2228531425871163,53363.048828,2079,0.6166426166426167
전체 2011~,이평4일,5,0.9794951035381374,-0.39859570541560585,2.4573649194660594,1.5206098907585006,2.0396623081376024,-0.22391032389994103,43097.248748000005,2079,0.6166426166426167
전체 2011~,이평4일,10,0.9443376852256247,-0.4183523590433613,2.257278260328266,1.4859030275634255,2.0002112224864925,-0.225233995717379,32570.439749333334,2079,0.6166426166426167
전체 2011~,이평4일,15,0.9081474210768359,-0.4356565516523767,2.0845489816057525,1.4468860297058816,1.966089796159586,-0.22657540553812627,24283.181652333336,2079,0.6166426166426167
전체 2011~,이평4일,20,0.8699917256967913,-0.45446314154537115,1.91432845959398,1.4028329880780086,1.9224977953685012,-0.22792984404513061,17709.898607333333,2079,0.6166426166426167
전체 2011~,이평4일,25,0.829590270445066,-0.4732102063800012,1.7531115332260636,1.3536975467576673,1.8666166428307525,-0.22930309729269793,12588.518477,2079,0.6166426166426167
전체 2011~,이평4일,30,0.7872197302341917,-0.4918722045143815,1.60045581557389,1.3001134145789797,1.799528670152992,-0.23069672366485416,8728.695077333334,2079,0.6166426166426167
전체 2011~,이평4일,35,0.742339254075095,-0.5104566873347662,1.4542649209887935,1.2417086275207907,1.719603210106233,-0.2321137818412763,5865.949544,2079,0.6166426166426167
전체 2011~,이평4일,40,0.6930806542255488,-0.5604103723940539,1.2367377342869867,1.1767524312927904,1.624937703940616,-0.2335572242563302,3747.0954810000003,2079,0.6166426166426167
전체 2011~,이평4일,45,0.6432469237558185,-0.6218930119515451,1.0343369540964342,1.1102190114609154,1.5229817739517821,-0.23503864180299872,2349.247609,2079,0.6166426166426167
전체 2011~,이평4일,50,0.5906676940603697,-0.6759211003235608,0.8738707724579383,1.0410627906176833,1.4136283779908818,-0.23660128770084432,1413.2328456666667,2079,0.6166426166426167
전체 2011~,이평4일,60,0.5183925749217908,-0.7557602400231743,0.6859219994239113,0.951497712815122,1.2716114974560775,-0.26537472828583797,683.293357,2063,0.6170625302956859
전체 2011~,이평4일,70,0.4383997220874185,-0.8128903059789536,0.5393098169124544,0.8671655780408432,1.1286535427051387,-0.29366269325118743,293.28330666666665,2043,0.6211453744493393
전체 2011~,이평4일,80,0.38255410047202365,-0.8480408810058592,0.45110337135902834,0.8114894117713668,1.0305820789487183,-0.29366435149832704,157.954311,2034,0.6219272369714848
전체 2011~,이평4일,90,0.31748698459212044,-0.869010570392869,0.3653430641799771,0.744546841659197,0.9213091332692767,-0.29366369903924383,74.362514,2034,0.6219272369714848
전체 2011~,이평4일,95,0.2875173480321125,-0.8791368628561802,0.3270450372175419,0.712926001309687,0.8710194386120382,-0.2936638714434837,51.90188366666667,2033,0.6217412690605018
전체 2011~,중심주가,1,0.738598969472295,-0.36331032351798476,2.032969947895611,1.3790662767831428,1.960712461450145,-0.23763469973300355,5672.218910333333,2800,0.5667857142857143
전체 2011~,중심주가,5,0.7133682238994676,-0.37942178477930566,1.880145665105669,1.353782688098778,1.8814029171013413,-0.2394029068732535,4513.750572666667,2800,0.5667857142857143
전체 2011~,중심주가,10,0.6795725466749525,-0.4038514014571427,1.682729202431825,1.3137273483478602,1.8444641938716546,-0.24186087692964897,3306.191706333333,2800,0.5667857142857143
전체 2011~,중심주가,15,0.6427480393728111,-0.4295631897767139,1.4962828628470475,1.2635480063829634,1.7930493854670038,-0.24466496489325906,2338.126309333333,2800,0.5667857142857143
전체 2011~,중심주가,20,0.6032315144976779,-0.4569537045572353,1.3201151637060877,1.2037817397173767,1.7177201983384247,-0.2479113073773902,1598.1221756666669,2800,0.5667857142857143
전체 2011~,중심주가,25,0.559667477270432,-0.4865908533678588,1.1501808416594461,1.1332430570638725,1.6150131452409144,-0.2517705948133554,1039.051875,2800,0.5667857142857143
전체 2011~,중심주가,30,0.5106637839026209,-0.5330095823213059,0.9580761788158348,1.0511066376427836,1.4836312490315915,-0.25647669317284594,630.9171856666667,2800,0.5667857142857143
전체 2011~,중심주가,35,0.4532146111903237,-0.598220703213181,0.7576043569806323,0.9550387727162364,1.3232799359244432,-0.2624633658544343,344.217527,2800,0.5667857142857143
전체 2011~,중심주가,40,0.3763238487405842,-0.6748494570336631,0.5576411817751709,0.8354922536180844,1.1181869886724694,-0.2704246652318196,147.18984733333332,2800,0.5667857142857143
전체 2011~,중심주가,45,0.25883022779540776,-0.7828211589338079,0.3306377514730582,0.6791324030412947,0.860720185581097,-0.2949746789569797,36.496570999999996,2797,0.5666785841973543
전체 2011~,중심주가,50,0.18782345050030846,-0.8307596419599395,0.22608639251804868,0.5963636698759522,0.7409146941352878,-0.3595185176502149,14.729792333333334,2789,0.5668698458228756
전체 2011~,중심주가,60,0.20687149313531417,-0.8573394305766796,0.24129473783349076,0.6204279482147315,0.7703990267700027,-0.35954055516499817,18.887312666666666,2760,0.5684782608695652
전체 2011~,중심주가,70,0.22873391518311692,-0.8655331709103826,0.2642693808517248,0.645850858936644,0.7982530372215645,-0.3595221900819021,25.004381000000002,2745,0.5686703096539162
전체 2011~,중심주가,80,0.22091025496172034,-0.870955610393919,0.25364123306101244,0.6354341900131054,0.7633556215818443,-0.3595321799285556,22.628896333333334,2733,0.5693377241126967
전체 2011~,중심주가,90,0.208374284557739,-0.8761505017067728,0.23782932744068327,0.6191217253568697,0.7198241937042078,-0.3595458618369205,19.258216333333333,2739,0.5695509309967142
전체 2011~,중심주가,95,0.19646786934080818,-0.8774976565827165,0.22389560572266703,0.6037644607030171,0.6917735015810382,-0.35951995239197276,16.497205,2739,0.5695509309967142
IS 2017~2023,이평4일,1,1.223710906118992,-0.31931752067845076,3.832269847013047,1.6892216108576963,2.3381872987027097,-0.22283142572311676,265.5121213333333,967,0.6204756980351603
IS 2017~2023,이평4일,5,1.1917445597811835,-0.3296717996354849,3.6149423793569384,1.6651588743809784,2.231720320085393,-0.22382225389715382,239.974241,967,0.6204756980351603
IS 2017~2023,이평4일,10,1.1500784913722182,-0.3572861013673625,3.2189287155889237,1.6303814366898992,2.187107000632868,-0.22507004370037975,209.86813033333334,967,0.6204756980351603
IS 2017~2023,이평4일,15,1.1065285436779564,-0.3854787185911005,2.8705308239122664,1.5904298082901427,2.1559882597687956,-0.2263320909734029,181.918821,967,0.6204756980351603
IS 2017~2023,이평4일,20,1.0607571675158636,-0.41442652046107,2.5595783936214285,1.5450548857330384,2.116561674551778,-0.227617433361612,156.042939,967,0.6204756980351603
IS 2017~2023,이평4일,25,1.0139710217346352,-0.4443533760887005,2.2819023693706093,1.4953127759316382,2.0673179997988185,-0.228915728247989,132.91864966666668,967,0.6204756980351603
IS 2017~2023,이평4일,30,0.965082023094008,-0.47545828096205656,2.029793278899743,1.4407796747031105,2.0048861656656802,-0.23022895773029106,111.95569533333332,967,0.6204756980351603
IS 2017~2023,이평4일,35,0.9127462738467449,-0.5080508070716865,1.7965649520520406,1.380455270618489,1.927189216323027,-0.2315670956574971,92.71874000000001,967,0.6204756980351603
IS 2017~2023,이평4일,40,0.8575048612929623,-0.5562479598606332,1.5415874271391636,1.3152732212180547,1.8356803935496004,-0.23293174504617864,75.55723300000001,967,0.6204756980351603
IS 2017~2023,이평4일,45,0.8075994301836629,-0.6163390465769558,1.3103168372488085,1.2549595000993994,1.745882819378063,-0.23431659458451237,62.46948166666667,967,0.6204756980351603
IS 2017~2023,이평4일,50,0.7511895113834242,-0.6691278271980687,1.1226397720282888,1.1906872018914763,1.643196708398718,-0.23567975116449402,50.061208,967,0.6204756980351603
IS 2017~2023,이평4일,60,0.6570019222421906,-0.7482496853634828,0.8780517186893756,1.0884945381796116,1.4729635783503217,-0.238053975386043,34.025801333333334,967,0.6204756980351603
IS 2017~2023,이평4일,70,0.538809795821986,-0.803711666008837,0.6704018600323036,0.9721334147386346,1.2788511507721485,-0.234165263526263,20.293072666666667,967,0.6204756980351603
IS 2017~2023,이평4일,80,0.4322888281561672,-0.8435407682737296,0.5124693961630663,0.8660793388127443,1.1044346144985449,-0.21996654434538443,12.295831333333334,967,0.6204756980351603
IS 2017~2023,이평4일,90,0.33033355892156147,-0.8649689490809679,0.3819022165738341,0.7594763653804016,0.9389064399159442,-0.23813304870394747,7.3412896666666665,967,0.6204756980351603
IS 2017~2023,이평4일,95,0.2813178803707108,-0.8743854196366081,0.3217321264204356,0.7054928402102564,0.8586576912774343,-0.24916914451638583,5.648113333333333,967,0.6204756980351603
IS 2017~2023,중심주가,1,1.0006953950094846,-0.3605985826520167,2.7750951976845992,1.611518835559681,2.2814615344337397,-0.23758331089237716,126.918644,1251,0.5851318944844125
IS 2017~2023,중심주가,5,0.9667133702794994,-0.3792446801328314,2.549049257436929,1.5807428078784367,2.1736791862299287,-0.23918522522206975,112.60644066666667,1251,0.5851318944844125
IS 2017~2023,중심주가,10,0.9231170724792059,-0.4034021740062378,2.2883294438193382,1.5351661115499748,2.131245571911201,-0.24134928059603244,96.287312,1251,0.5851318944844125
IS 2017~2023,중심주가,15,0.8777234889030643,-0.4286855388703963,2.0474763184592164,1.481356364447329,2.0794699749320533,-0.24372293182925375,81.491777,1251,0.5851318944844125
IS 2017~2023,중심주가,20,0.8283940243115762,-0.45539483357611565,1.819067682007676,1.4165987914990672,2.005161909320081,-0.2463904628414172,67.66481233333333,1251,0.5851318944844125
IS 2017~2023,중심주가,25,0.7792750120200971,-0.48388136714827124,1.6104670791783373,1.3466048234423769,1.9133585944299962,-0.2493606049114555,55.945102,1251,0.5851318944844125
IS 2017~2023,중심주가,30,0.7256765932418647,-0.5252149681498763,1.381675384839345,1.2667449035564917,1.7968708392548014,-0.25274311107350855,45.184085,1251,0.5851318944844125
IS 2017~2023,중심주가,35,0.6696120405007093,-0.5817174208905623,1.1510950445245174,1.180652219848423,1.6657721958252532,-0.2565856318696408,35.87603333333333,1251,0.5851318944844125
IS 2017~2023,중심주가,40,0.6063244750104035,-0.6434641767002013,0.9422816327083556,1.086973757339378,1.5149663668631106,-0.2611350117891662,27.390034333333336,1251,0.5851318944844125
IS 2017~2023,중심주가,45,0.5250302090741692,-0.7146967319649606,0.734619574418188,0.979297246432027,1.3346902544239525,-0.26653426322077345,19.057408333333335,1251,0.5851318944844125
IS 2017~2023,중심주가,50,0.43276003824548614,-0.773368192467188,0.5595782739200863,0.8703466673806394,1.15455482219917,-0.2730904089838505,12.324112,1251,0.5851318944844125
IS 2017~2023,중심주가,60,0.3291486847691141,-0.8275089054759339,0.3977584804115278,0.75707652733961,0.9650069652737927,-0.28527837789238597,7.295744,1251,0.5851318944844125
IS 2017~2023,중심주가,70,0.26791729144560894,-0.8493497158838739,0.3154381363003123,0.6920586346625446,0.8526307907410233,-0.3219777804236924,5.248238333333333,1251,0.5851318944844125
IS 2017~2023,중심주가,80,0.2321997698710594,-0.8616420310227282,0.2694851939795106,0.6537145947240321,0.7817476545460754,-0.34851595192609675,4.2987313333333335,1251,0.5851318944844125
IS 2017~2023,중심주가,90,0.20420724588452677,-0.8733340724181415,0.2338248928260695,0.6226833741184171,0.7230399287697244,-0.3594111592749113,3.6613243333333334,1251,0.5851318944844125
IS 2017~2023,중심주가,95,0.18809095940369813,-0.8767904318134411,0.21452213958890368,0.6038976207526753,0.6922168737981865,-0.3594148122054853,3.332495,1251,0.5851318944844125
OOS 2024~2026,이평4일,1,2.427187027379131,-0.3571853586472653,6.79531500555171,2.3701830674302293,3.4148293631859,-0.13734982312270372,25.554140333333333,344,0.6569767441860465
OOS 2024~2026,이평4일,5,2.3440516919307726,-0.36781245456191314,6.372953560592938,2.3299693997210715,3.2479885749283897,-0.14020752642584589,23.955284333333335,344,0.6569767441860465
OOS 2024~2026,이평4일,10,2.2437400113723305,-0.38000966258800284,5.904428840286986,2.2762844844106636,3.1715652923585247,-0.14394931872585115,22.110585999999998,344,0.6569767441860465
OOS 2024~2026,이평4일,15,2.142240114780313,-0.3922424703814502,5.461520045743683,2.212914249179495,3.096394159855705,-0.1481824617082671,20.336390666666667,344,0.6569767441860465
OOS 2024~2026,이평4일,20,2.0389565467010375,-0.40504314650683326,5.033924322100928,2.1444236975887043,3.0118567011492132,-0.1528897553174574,18.624479666666666,344,0.6569767441860465
OOS 2024~2026,이평4일,25,1.934333998424799,-0.418200007165058,4.625380117847159,2.067840814857928,2.9010987376342374,-0.15826116348763442,16.984489333333332,344,0.6569767441860465
OOS 2024~2026,이평4일,30,1.8300016845790008,-0.4310683173906874,4.245270669986231,1.9852999316807738,2.774186400793528,-0.16429015217638354,15.441322666666666,344,0.6569767441860465
OOS 2024~2026,이평4일,35,1.7232780069231812,-0.4442575567706717,3.879006627258672,1.8964158948831906,2.633060902585268,-0.1712879057564266,13.955951666666666,344,0.6569767441860465
OOS 2024~2026,이평4일,40,1.6165458973517253,-0.4580480956583367,3.529205584903305,1.8043619234030202,2.485802883471591,-0.17573170839607155,12.562453666666666,344,0.6569767441860465
OOS 2024~2026,이평4일,45,1.524655364482065,-0.4655521597078123,3.274939945373602,1.7204913588963766,2.3520233836034334,-0.18002216964086837,11.434672666666666,344,0.6569767441860465
OOS 2024~2026,이평4일,50,1.4932264352174336,-0.4567482648383032,3.2692547518402977,1.6867164436779696,2.2901460620438514,-0.1838873633402125,11.063937,344,0.6569767441860465
OOS 2024~2026,이평4일,60,1.36893257693704,-0.4706780406163015,2.9084266925743387,1.5874825762910083,2.1003363443940413,-0.19253219567492297,9.671105,344,0.6569767441860465
OOS 2024~2026,이평4일,70,1.2223558425061292,-0.5202987092495281,2.349334758622098,1.4628213579194274,1.8757738417074392,-0.20636149679636517,8.175088333333333,344,0.6569767441860465
OOS 2024~2026,이평4일,80,1.0728353071934222,-0.5763801564072699,1.8613328291533988,1.331143800804412,1.6602262906227971,-0.24534394644595248,6.806214000000001,344,0.6569767441860465
OOS 2024~2026,이평4일,90,0.9173318583346266,-0.644148431819748,1.424100118885834,1.1952881555035695,1.4610209806729038,-0.2897308564772241,5.543673666666667,344,0.6569767441860465
OOS 2024~2026,이평4일,95,0.8381679184155273,-0.6665023885556041,1.2575617624296056,1.139307173788348,1.375456854130486,-0.2935362408875466,4.961547333333334,343,0.6588921282798834
OOS 2024~2026,중심주가,1,1.7032141609067089,-0.32392663765428387,5.2580243886101545,1.8995641199242022,2.9302831890032883,-0.15502862273219287,13.687045,409,0.6136919315403423
OOS 2024~2026,중심주가,5,1.643364362111953,-0.3212968128207532,5.114785757394867,1.8707229733797595,2.801694685529137,-0.15706007790761445,12.904067999999999,409,0.6136919315403423
OOS 2024~2026,중심주가,10,1.5660698420720043,-0.317845747847899,4.927137936170935,1.8282148790734787,2.7398484761145148,-0.1597924436636674,11.934820333333333,409,0.6136919315403423
OOS 2024~2026,중심주가,15,1.4855817757658194,-0.31453743166284787,4.72306830990536,1.777502739193148,2.6821407042885084,-0.1627756673451466,10.974903666666666,409,0.6136919315403423
OOS 2024~2026,중심주가,20,1.4009946605620325,-0.32493383713018265,4.311630555117389,1.7173508732796614,2.6052788346639355,-0.1660017527730857,10.019305333333332,409,0.6136919315403423
OOS 2024~2026,중심주가,25,1.314290571193069,-0.35272275691987875,3.7261292202124943,1.650192965249265,2.500220210502585,-0.16958303852855705,9.095166333333333,409,0.6136919315403423
OOS 2024~2026,중심주가,30,1.2261854531414573,-0.3812313145608073,3.216381777436276,1.5769437579156742,2.3752433312287393,-0.173514827782961,8.212205666666668,409,0.6136919315403423
OOS 2024~2026,중심주가,35,1.127438397516182,-0.41398220664107166,2.7233982027002592,1.4900466586845798,2.2126145750810586,-0.17794314688096502,7.288131666666667,409,0.6136919315403423
OOS 2024~2026,중심주가,40,1.0185269387315419,-0.45185458282088153,2.2541033718701784,1.3899368774479757,2.0200433054802454,-0.18306583634374662,6.347002333333333,409,0.6136919315403423
OOS 2024~2026,중심주가,45,0.9110392125577467,-0.49464954078723367,1.841787240129304,1.2874474684422819,1.822392058736678,-0.18893408926725508,5.495931333333333,409,0.6136919315403423
OOS 2024~2026,중심주가,50,0.8522425561613642,-0.5301385262085218,1.6075846482172997,1.2262172950266168,1.6979944875810886,-0.19439776014614762,5.062127,409,0.6136919315403423
OOS 2024~2026,중심주가,60,0.700461979102085,-0.5833236716236674,1.2008118531386973,1.0860797998256442,1.4286474787738248,-0.21157580334638704,4.042395333333333,409,0.6136919315403423
OOS 2024~2026,중심주가,70,0.574363606814658,-0.6361412505189263,0.9028869081294858,0.9718065076816854,1.2116305019243183,-0.25049759901335655,3.3006393333333333,409,0.6136919315403423
OOS 2024~2026,중심주가,80,0.41527086661786416,-0.6859532521518316,0.6053923723156961,0.8303483161177748,0.9814127096153867,-0.2907465540325296,2.493849,409,0.6136919315403423
OOS 2024~2026,중심주가,90,0.3046719481643292,-0.70504110992592,0.4321335931692574,0.7306877492442959,0.835398610230707,-0.2947211267184028,2.0132263333333333,407,0.6142506142506142
OOS 2024~2026,중심주가,95,0.27221326422552616,-0.7209311007536124,0.3775856859843789,0.7013562541375261,0.7895269592422364,-0.29487198973485984,1.8841043333333332,405,0.6172839506172839
