쌍,A,B,A비중,시나리오,CAGR,MDD,Calmar,Sharpe,Sortino,최악일
이평4일+이평1일,이평4일,이평1일,5,전체 2011~,0.9575814154587292,-0.41475905276123215,2.3087655569750476,1.5839801492988517,2.233569695654869,-0.25805727563278147
이평4일+이평1일,이평4일,이평1일,10,전체 2011~,0.9606670694141515,-0.4079234199992323,2.355018178205996,1.603169724824915,2.2679810803245273,-0.23383876691537753
이평4일+이평1일,이평4일,이평1일,15,전체 2011~,0.9636926427872807,-0.40095001513540907,2.403523148544643,1.6193942644133084,2.299842609807938,-0.21616726916656104
이평4일+이평1일,이평4일,이평1일,20,전체 2011~,0.9666419801093773,-0.39383652839369043,2.4544243878340657,1.6326399147886954,2.328625704536713,-0.20636717282334605
이평4일+이평1일,이평4일,이평1일,25,전체 2011~,0.9695216607219499,-0.3865862110080708,2.5079054376869876,1.642965898739145,2.35215085495583,-0.19630184345544832
이평4일+이평1일,이평4일,이평1일,30,전체 2011~,0.9723592338574054,-0.3791886599133517,2.5643151725043647,1.6504871821683205,2.368111236096488,-0.18595241115337025
이평4일+이평1일,이평4일,이평1일,35,전체 2011~,0.9751156380152144,-0.3716444062410964,2.6237866671471677,1.6552659712933857,2.3800452750161747,-0.1752991348396381
이평4일+이평1일,이평4일,이평1일,40,전체 2011~,0.9778357993983295,-0.3639363960280827,2.6868315729622054,1.6574747954567448,2.385530163275113,-0.16433950421432564
이평4일+이평1일,이평4일,이평1일,45,전체 2011~,0.9804900332505018,-0.3560761096311127,2.7535967921753266,1.6572352355588902,2.3843880332235114,-0.15306548953885224
이평4일+이평1일,이평4일,이평1일,50,전체 2011~,0.9830961844946464,-0.34805082150731637,2.8245765380961205,1.6547289759146464,2.377314283055793,-0.14145367501007888
이평4일+이평1일,이평4일,이평1일,55,전체 2011~,0.9856568176600047,-0.3418327913745586,2.8834472365759223,1.6501366419967531,2.366115451620921,-0.13670242780675834
이평4일+이평1일,이평4일,이평1일,60,전체 2011~,0.9881665857936668,-0.34336063300339825,2.8779262699690062,1.6436400652314866,2.3498425012431317,-0.1394702556720857
이평4일+이평1일,이평4일,이평1일,65,전체 2011~,0.9906356109188805,-0.344832411294585,2.8728030732372076,1.635436253206363,2.331435802805384,-0.15019225537871506
이평4일+이평1일,이평4일,이평1일,70,전체 2011~,0.9930556073198309,-0.3462528545103778,2.8680069907988797,1.6257001900723518,2.3076138366200847,-0.16083218451964454
이평4일+이평1일,이평4일,이평1일,75,전체 2011~,0.9954366754488992,-0.3476240305384658,2.863543909513329,1.614627195397647,2.2810046837030837,-0.171382344499723
이평4일+이평1일,이평4일,이평1일,80,전체 2011~,0.9977746385397612,-0.3489486741022877,2.859373634551431,1.6023855620359941,2.2521120945505313,-0.18185014683540135
이평4일+이평1일,이평4일,이평1일,85,전체 2011~,1.000070892782912,-0.3502276116406646,2.8554884296472607,1.5891525247101654,2.2217943249011367,-0.19222399677856294
이평4일+이평1일,이평4일,이평1일,90,전체 2011~,1.0023341973188833,-0.35146456109781943,2.85187842036772,1.5750869510467502,2.1928971350520574,-0.20251589541047088
이평4일+이평1일,이평4일,이평1일,95,전체 2011~,1.0045546994617753,-0.3631713938530181,2.766062295832519,1.5603216773780932,2.1638004611732913,-0.21273032997486474
이평4일+이평1일,이평4일,이평1일,5,IS 2017~2023,1.2192116765310619,-0.3902097102940326,3.1245036819108267,1.774091093410108,2.4820425200260403,-0.2357509530765518
이평4일+이평1일,이평4일,이평1일,10,IS 2017~2023,1.219440152716322,-0.38446217456134424,3.1718078744876625,1.784597306222397,2.513594318464871,-0.22718646670196918
이평4일+이평1일,이평4일,이평1일,15,IS 2017~2023,1.2197352394013814,-0.3792218128350182,3.2164163508496055,1.7933618880587152,2.5420330912680127,-0.21833531001061568
이평4일+이평1일,이평4일,이평1일,20,IS 2017~2023,1.2199388456822446,-0.3739304517235632,3.2624752545805307,1.800200488844816,2.568525287577085,-0.20918017780477194
이평4일+이평1일,이평4일,이평1일,25,IS 2017~2023,1.2201080808453368,-0.36860974450590367,3.310026658358717,1.8051243736084601,2.591600221541067,-0.19974382206232788
이평4일+이평1일,이평4일,이평1일,30,IS 2017~2023,1.2204609409857112,-0.36317996773332706,3.360485294942979,1.8083997723002228,2.610372547117194,-0.18988250056387634
이평4일+이평1일,이평4일,이평1일,35,IS 2017~2023,1.22065948100733,-0.3577367553526304,3.412172394206724,1.809641280543643,2.621978273094862,-0.1797074271874034
이평4일+이평1일,이평4일,이평1일,40,IS 2017~2023,1.2208905345551546,-0.3522190932165382,3.4662815221222893,1.809094374946348,2.628494680921739,-0.16915415827883906
이평4일+이평1일,이평4일,이평1일,45,IS 2017~2023,1.2211617448434038,-0.3466337575333175,3.522916387409351,1.8068234035509907,2.6262263732458306,-0.1581950658421577
이평4일+이평1일,이평4일,이평1일,50,IS 2017~2023,1.221381314596365,-0.3410146427853493,3.581609589020375,1.8027646230844774,2.618832830817478,-0.14683344765087603
이평4일+이평1일,이평4일,이평1일,55,IS 2017~2023,1.221632624894935,-0.3353220749706217,3.643161951094227,1.797099825806411,2.603891582031779,-0.13498837822458276
이평4일+이평1일,이평4일,이평1일,60,IS 2017~2023,1.2219195454244098,-0.32956588988686397,3.7076638782122755,1.7899289038895418,2.588164117516123,-0.13446314148172234
이평4일+이평1일,이평4일,이평1일,65,IS 2017~2023,1.2221209140916858,-0.32375211861973185,3.774866151616284,1.7812035170857674,2.5681291412886416,-0.1454920341883701
이평4일+이평1일,이평4일,이평1일,70,IS 2017~2023,1.2224330333534317,-0.31771485247899756,3.847579122648162,1.7712459888483338,2.54018677185291,-0.1565182429928218
이평4일+이평1일,이평4일,이평1일,75,IS 2017~2023,1.2225911469328863,-0.31193697930147846,3.919353036214683,1.7599255430516367,2.50891004216213,-0.16752647055248981
이평4일+이평1일,이평4일,이평1일,80,IS 2017~2023,1.2229088809862092,-0.3057328293838669,3.9999266138696856,1.7476188064552554,2.475331967710912,-0.1785972267302809
이평4일+이평1일,이평4일,이평1일,85,IS 2017~2023,1.223172906407894,-0.3063061814574569,3.993301410333377,1.734274891533292,2.439707840880096,-0.18964009617327438
이평4일+이평1일,이평4일,이평1일,90,IS 2017~2023,1.2233050052453258,-0.30687254032747235,3.9863619075851573,1.7199158330300157,2.403219224854684,-0.2007082929055598
이평4일+이평1일,이평4일,이평1일,95,IS 2017~2023,1.2236233464158595,-0.3074203252299291,3.98029422908415,1.705005267425881,2.368842895908334,-0.21175410573964326
이평4일+이평1일,이평4일,이평1일,5,OOS 2024~2026,2.333159071208662,-0.3451488535322159,6.759863309210982,2.1718647336076082,3.2499300096795642,-0.2757319052232824
이평4일+이평1일,이평4일,이평1일,10,OOS 2024~2026,2.3846719488573953,-0.33233548468285656,7.175496023643268,2.2500045821560404,3.328375030364609,-0.24717170073733186
이평4일+이평1일,이평4일,이평1일,15,OOS 2024~2026,2.3869989425026192,-0.3322808866220539,7.18367814281675,2.289864069498042,3.3816365153900754,-0.22929531430587247
이평4일+이평1일,이평4일,이평1일,20,OOS 2024~2026,2.389789251730562,-0.33177967787934926,7.202940418188007,2.326798321840714,3.429488502265582,-0.21221098071465905
이평4일+이평1일,이평4일,이평1일,25,OOS 2024~2026,2.392594882273479,-0.3314361686248699,7.218870807613923,2.360623984713553,3.4752293879300935,-0.1957149402834929
이평4일+이평1일,이평4일,이평1일,30,OOS 2024~2026,2.3937070612914066,-0.33168114376338886,7.216892205964545,2.390056488197085,3.5131572427860043,-0.17972496125436543
이평4일+이평1일,이평4일,이평1일,35,OOS 2024~2026,2.3967990043120673,-0.33313073747456023,7.194769904698754,2.4167672363787487,3.5467096550723043,-0.1643312655220308
이평4일+이평1일,이평4일,이평1일,40,OOS 2024~2026,2.3976628556930706,-0.33547369554047846,7.147096441735078,2.4379209906079393,3.5635682813375102,-0.14941419962708158
이평4일+이평1일,이평4일,이평1일,45,OOS 2024~2026,2.4013808832379997,-0.33685982830045547,7.128724417374385,2.456510095649937,3.5884410069717907,-0.1348675828348399
이평4일+이평1일,이평4일,이평1일,50,OOS 2024~2026,2.404648445122762,-0.33859280508055023,7.101888785116693,2.4700009176338726,3.6014070223666264,-0.12603019397530224
이평4일+이평1일,이평4일,이평1일,55,OOS 2024~2026,2.4066184806544375,-0.34063025677121483,7.065192926390121,2.4782572754281857,3.6065009319687458,-0.12540029317951162
이평4일+이평1일,이평4일,이평1일,60,OOS 2024~2026,2.4081624826260866,-0.3427215882522451,7.02658532515222,2.481602865689315,3.6043886841551807,-0.12476215185558215
이평4일+이평1일,이평4일,이평1일,65,OOS 2024~2026,2.409411930859043,-0.34508431335712,6.982096367752298,2.4802306950593715,3.5990795194962044,-0.12414991074974213
이평4일+이평1일,이평4일,이평1일,70,OOS 2024~2026,2.4126434297617227,-0.34648177345490627,6.963262181742793,2.4757921586802745,3.583145673177189,-0.12394419169972659
이평4일+이평1일,이평4일,이평1일,75,OOS 2024~2026,2.4151681163011376,-0.3482279696158881,6.935594860358811,2.4667235488124835,3.5644174529838826,-0.12400760645320863
이평4일+이평1일,이평4일,이평1일,80,OOS 2024~2026,2.4171730867106422,-0.3501442369553758,6.9033639043406545,2.453589099628567,3.539905883365499,-0.12410474054789944
이평4일+이평1일,이평4일,이평1일,85,OOS 2024~2026,2.4189208544668888,-0.35251153974621297,6.861962182027759,2.436599072412664,3.510156822780473,-0.12609501503302223
이평4일+이평1일,이평4일,이평1일,90,OOS 2024~2026,2.421610091232701,-0.35403023716264415,6.840122218487783,2.4170943912157616,3.4772989054504557,-0.1300426247994002
이평4일+이평1일,이평4일,이평1일,95,OOS 2024~2026,2.38655918890744,-0.34845376083928203,6.8489982233487705,2.3761634508240244,3.4261137540784077,-0.1359014104954538
이평4일+중심주가,이평4일,중심주가,5,전체 2011~,0.7780672056003368,-0.35542484840931254,2.189118766126062,1.4603087835722297,2.076365675763954,-0.21934357549487926
이평4일+중심주가,이평4일,중심주가,10,전체 2011~,0.8078289938803789,-0.3476041137154757,2.3239914661700776,1.5104443620569303,2.156022020305178,-0.20209601303145597
이평4일+중심주가,이평4일,중심주가,15,전체 2011~,0.8317924554907083,-0.33974815863924956,2.4482618502545583,1.542130706666268,2.207619472794122,-0.18580565132036797
이평4일+중심주가,이평4일,중심주가,20,전체 2011~,0.8518997310439331,-0.3323743126430486,2.563073314148755,1.5622268314791772,2.237674512117913,-0.17041683999350332
이평4일+중심주가,이평4일,중심주가,25,전체 2011~,0.869212762373266,-0.32638668468321397,2.663137937801938,1.5747080790976726,2.254310852279665,-0.15581973344700595
이평4일+중심주가,이평4일,중심주가,30,전체 2011~,0.8844771957036206,-0.32039598015436177,2.7605751959730997,1.5821134806265795,2.2615072300832506,-0.14503595485014054
이평4일+중심주가,이평4일,중심주가,35,전체 2011~,0.8981198142463687,-0.3199463659692253,2.8070949064405255,1.5860162921541343,2.2615444598755774,-0.14451808323729531
이평4일+중심주가,이평4일,중심주가,40,전체 2011~,0.9104743570026259,-0.3217611192839782,2.82965934177729,1.5874526550783006,2.2570912053279746,-0.14773837934519796
이평4일+중심주가,이평4일,중심주가,45,전체 2011~,0.9217509278146316,-0.3232791695856908,2.851253698145576,1.5871636020652493,2.2496544638407032,-0.15271234424618862
이평4일+중심주가,이평4일,중심주가,50,전체 2011~,0.9321314283389444,-0.32655945746017356,2.8544003459236054,1.585580183258246,2.23982334275901,-0.15731531887389982
이평4일+중심주가,이평4일,중심주가,55,전체 2011~,0.9417649525535061,-0.331706423441106,2.839151991039797,1.5831139430771317,2.2284312176934624,-0.16611458457576966
이평4일+중심주가,이평4일,중심주가,60,전체 2011~,0.9507387257438016,-0.3367867085251681,2.8229698550373543,1.5799764195455765,2.215621948338176,-0.17430379502021875
이평4일+중심주가,이평4일,중심주가,65,전체 2011~,0.9591497155261135,-0.3418056739043118,2.806125786532808,1.5763615979244785,2.20277895282131,-0.18189982281311412
이평4일+중심주가,이평4일,중심주가,70,전체 2011~,0.9670620750862449,-0.34676039522363944,2.7888481164711685,1.5723901157448115,2.1901650215994035,-0.1889706533136749
이평4일+중심주가,이평4일,중심주가,75,전체 2011~,0.9745387246399735,-0.3516516745273084,2.7713183107970476,1.5681684367614788,2.178678988855016,-0.1955595521593868
이평4일+중심주가,이평4일,중심주가,80,전체 2011~,0.981621318259833,-0.35648572869270123,2.753606215484752,1.5637448534705223,2.1684313136723024,-0.2017314882152038
이평4일+중심주가,이평4일,중심주가,85,전체 2011~,0.9883464785286726,-0.36125990890658966,2.735832164493591,1.5591838033287293,2.1589045335144292,-0.2075090002518658
이평4일+중심주가,이평4일,중심주가,90,전체 2011~,0.9947606514955543,-0.3659754843296724,2.718107343494815,1.5545293492215981,2.150515242082016,-0.21293452643292599
이평4일+중심주가,이평4일,중심주가,95,전체 2011~,1.000883123664177,-0.37366553662648117,2.6785534804743505,1.549796630779373,2.1460108359551793,-0.21804153178370778
이평4일+중심주가,이평4일,중심주가,5,IS 2017~2023,1.0159257433557696,-0.350738761832582,2.896531133449975,1.6429552189914467,2.328825881021978,-0.22762818505108495
이평4일+중심주가,이평4일,중심주가,10,IS 2017~2023,1.0306106510598676,-0.34119010401889116,3.020634651826843,1.6698937387507706,2.3792006422058205,-0.2174648801337542
이평4일+중심주가,이평4일,중심주가,15,IS 2017~2023,1.0446654449065313,-0.33202612533139253,3.1463350778914143,1.6923373598126843,2.4263391803782435,-0.20714558652485182
이평4일+중심주가,이평4일,중심주가,20,IS 2017~2023,1.058148545896854,-0.3232164301579693,3.2738080343864104,1.710592616283465,2.4628584193276297,-0.1966686910322617
이평4일+중심주가,이평4일,중심주가,25,IS 2017~2023,1.070994088265599,-0.3147418645456551,3.4027697262695895,1.7249032497284011,2.4898626417653413,-0.18606206283230375
이평4일+중심주가,이평4일,중심주가,30,IS 2017~2023,1.0835667362003139,-0.3065198593973921,3.5350620946080626,1.7359559428376585,2.509336240249132,-0.17518847703562002
이평4일+중심주가,이평4일,중심주가,35,IS 2017~2023,1.0956778141401466,-0.30418105778489246,3.6020580049234243,1.7438589665203448,2.5208941413812678,-0.164198077019997
이평4일+중심주가,이평4일,중심주가,40,IS 2017~2023,1.1072983132155203,-0.3040196542668139,3.642193186114647,1.7488998188832505,2.5243854968937685,-0.1530230918705533
이평4일+중심주가,이평4일,중심주가,45,IS 2017~2023,1.1185883894264421,-0.3038603412282558,3.681258254713055,1.751509298698812,2.5225106152548804,-0.14165623850948217
이평4일+중심주가,이평4일,중심주가,50,IS 2017~2023,1.1294701615206821,-0.3037092183653747,3.7189195889401128,1.7519387842051328,2.5144242765477682,-0.13095169447550004
이평4일+중심주가,이평4일,중심주가,55,IS 2017~2023,1.1401230611033197,-0.3035599840735912,3.7558410888140084,1.7505972145691977,2.501938893448895,-0.13523076263438205
이평4일+중심주가,이평4일,중심주가,60,IS 2017~2023,1.1504618091420928,-0.30341389497275273,3.791724203156243,1.7476688524072108,2.4865573307495756,-0.14576118599265286
이평4일+중심주가,이평4일,중심주가,65,IS 2017~2023,1.1604652326222684,-0.3032722654489105,3.826479915347753,1.7433129941770076,2.4688396252257623,-0.15609136688659597
이평4일+중심주가,이평4일,중심주가,70,IS 2017~2023,1.1702846355042666,-0.3031292303608544,3.8606789391809024,1.7378714613366881,2.4496768767064188,-0.16623789929766797
이평4일+중심주가,이평4일,중심주가,75,IS 2017~2023,1.1796517785671972,-0.30299820553484236,3.893263250470131,1.7312762490455267,2.427361048115913,-0.17613769335154195
이평4일+중심주가,이평4일,중심주가,80,IS 2017~2023,1.189057245362212,-0.3028617335732592,3.926072902420969,1.7241531652421125,2.4058609807333853,-0.18585140728020877
이평4일+중심주가,이평4일,중심주가,85,IS 2017~2023,1.1980858057148693,-0.3032127980566277,3.9513035511486425,1.71618934775971,2.3829884769203407,-0.19537549686506306
이평4일+중심주가,이평4일,중심주가,90,IS 2017~2023,1.2067909406797237,-0.3048664774395673,3.9584245234668085,1.7075689207637743,2.3643732974592626,-0.20469702918398636
이평4일+중심주가,이평4일,중심주가,95,IS 2017~2023,1.2154616176506239,-0.3064437118105522,3.9663454357387478,1.6986756281237172,2.351796148310124,-0.2138486519867513
이평4일+중심주가,이평4일,중심주가,5,OOS 2024~2026,1.6776658245244929,-0.3204358821206972,5.235574160488599,1.9099510261422217,2.9685300201907983,-0.1545639940867638
이평4일+중심주가,이평4일,중심주가,10,OOS 2024~2026,1.7890940988232837,-0.28939371790882706,6.182214706495234,2.0151094954491944,3.0848192020501917,-0.1525313290525281
이평4일+중심주가,이평4일,중심주가,15,OOS 2024~2026,1.831714986464997,-0.28562907473485677,6.41291503032504,2.070255058179455,3.1408843560846873,-0.1513701475040644
이평4일+중심주가,이평4일,중심주가,20,OOS 2024~2026,1.8722602490473128,-0.288888962397829,6.480899212995971,2.1214061965527993,3.199791623598516,-0.1502702808380958
이평4일+중심주가,이평4일,중심주가,25,OOS 2024~2026,1.9119540532020882,-0.2918447525557615,6.551270963272775,2.169092041714831,3.2527502586682893,-0.14920726159452014
이평4일+중심주가,이평4일,중심주가,30,OOS 2024~2026,1.9507826004016349,-0.29484481167619203,6.616302960569123,2.212832545402201,3.302932239167527,-0.14820745253463152
이평4일+중심주가,이평4일,중심주가,35,OOS 2024~2026,1.9886561824748363,-0.2980739413875949,6.67168747867471,2.2522780428853,3.3464934645064455,-0.1472203597823225
이평4일+중심주가,이평4일,중심주가,40,OOS 2024~2026,2.0257180818917364,-0.3008936671499155,6.732338706492133,2.287107401879127,3.376825467570168,-0.14629717205063242
이평4일+중심주가,이평4일,중심주가,45,OOS 2024~2026,2.0634393535188744,-0.3036478520419884,6.79550123487632,2.3185365772390503,3.406220408363102,-0.14535800558224043
이평4일+중심주가,이평4일,중심주가,50,OOS 2024~2026,2.099736437075525,-0.3063227792837986,6.854653258190062,2.3443388147832254,3.427734244203888,-0.14450133570437274
이평4일+중심주가,이평4일,중심주가,55,OOS 2024~2026,2.135324435966178,-0.30891559535828617,6.9123231978288056,2.3654538726577043,3.4436860879095557,-0.1436562120862781
이평4일+중심주가,이평4일,중심주가,60,OOS 2024~2026,2.1689607121726193,-0.311438369164584,6.964333643252548,2.3811253693178474,3.4591804535461366,-0.14287601598507793
이평4일+중심주가,이평4일,중심주가,65,OOS 2024~2026,2.2024244219889417,-0.31381281969562747,7.018274218768728,2.3924325387625367,3.4625787817288174,-0.1421100367358744
이평4일+중심주가,이평4일,중심주가,70,OOS 2024~2026,2.2360540241269034,-0.316394135752465,7.067305526409341,2.3997923560738643,3.4621559992950677,-0.14135457209043711
이평4일+중심주가,이평4일,중심주가,75,OOS 2024~2026,2.2696566251753993,-0.31869274535473746,7.121770602744786,2.4036634719380015,3.4617272554508616,-0.14061339958484864
이평4일+중심주가,이평4일,중심주가,80,OOS 2024~2026,2.3017688366906186,-0.32102812887892185,7.1699911304618045,2.4028926149503564,3.4521552254582586,-0.13991653541508153
이평4일+중심주가,이평4일,중심주가,85,OOS 2024~2026,2.332669132846924,-0.32516799531390994,7.173735319784522,2.398108796098122,3.4382824310442976,-0.13927254460031424
이평4일+중심주가,이평4일,중심주가,90,OOS 2024~2026,2.364347531288497,-0.33596008136964073,7.037584708425878,2.39115557883967,3.4229409897912966,-0.13861089970495244
이평4일+중심주가,이평4일,중심주가,95,OOS 2024~2026,2.368219714211376,-0.3504263712806055,6.758109287143271,2.3641128968951586,3.396193229141582,-0.13758484488861544
이평4일+RSI,이평4일,RSI,5,전체 2011~,0.8383469945445903,-0.41374219920978217,2.026254503760488,1.4770171444286329,2.100263099154753,-0.22764190698340614
이평4일+RSI,이평4일,RSI,10,전체 2011~,0.8553218297628205,-0.40396310808430747,2.117326589101087,1.5127003145807496,2.166468108952075,-0.21579736328807209
이평4일+RSI,이평4일,RSI,15,전체 2011~,0.8703040279713785,-0.3959787065486844,2.1978556260180553,1.5399882061684664,2.219055738179781,-0.20395902660304754
이평4일+RSI,이평4일,RSI,20,전체 2011~,0.8836983623646624,-0.38814010720847225,2.276750961708842,1.5608569265055856,2.2593880052407447,-0.19212201668593065
이평4일+RSI,이평4일,RSI,25,전체 2011~,0.8958154403060679,-0.3804555465103616,2.354586359754044,1.5765793331252502,2.288365487154523,-0.18029484847219657
이평4일+RSI,이평4일,RSI,30,전체 2011~,0.9069125750453204,-0.37290565115632834,2.432016174153197,1.5880958016133357,2.3074884967096367,-0.1684606253009019
이평4일+RSI,이평4일,RSI,35,전체 2011~,0.9171295820154721,-0.36549681917458887,2.5092682997533333,1.5960698896843954,2.317259143615307,-0.1566291218217808
이평4일+RSI,이평4일,RSI,40,전체 2011~,0.9266229438951723,-0.3582239855446002,2.5867138474450484,1.6010896838940365,2.3209559239636297,-0.14479674430642275
이평4일+RSI,이평4일,RSI,45,전체 2011~,0.9354595701272885,-0.35108352698074974,2.6644929147546725,1.603588850125888,2.31842997074103,-0.1435312569033047
이평4일+RSI,이평4일,RSI,50,전체 2011~,0.9437487869424277,-0.3440641501608892,2.742944263449469,1.6039810046059682,2.311700414518259,-0.14765316081489854
이평4일+RSI,이평4일,RSI,55,전체 2011~,0.9515567412263986,-0.3371726858560824,2.822164371975723,1.6025995904423866,2.299729376188284,-0.15252690429853366
이평4일+RSI,이평4일,RSI,60,전체 2011~,0.9589271095410825,-0.3338693035146554,2.8721631472148497,1.599715312667885,2.286185880625734,-0.15722350113373584
이평4일+RSI,이평4일,RSI,65,전체 2011~,0.9659142586877152,-0.337016346902949,2.866075392378135,1.5955737739347546,2.269783005769105,-0.16379803142807026
이평4일+RSI,이평4일,RSI,70,전체 2011~,0.9725548426686201,-0.33993641717952416,2.860990448560865,1.5903740272646634,2.2513911655946597,-0.17312955944343922
이평4일+RSI,이평4일,RSI,75,전체 2011~,0.9788875717749423,-0.3444768151175438,2.841664602132722,1.5842970956688316,2.2318229507499963,-0.18213174431253332
이평4일+RSI,이평4일,RSI,80,전체 2011~,0.9849360547010684,-0.35042309348900513,2.8107053245107307,1.5774758284998116,2.2127731226396254,-0.19083323721666268
이평4일+RSI,이평4일,RSI,85,전체 2011~,0.9907193222283435,-0.3564651882117209,2.7792877256780266,1.5700346475649767,2.19628228077042,-0.19924463543990445
이평4일+RSI,이평4일,RSI,90,전체 2011~,0.9962756455417925,-0.3626162865762881,2.747465247488804,1.5620980229728496,2.181019605211491,-0.20736790550281603
이평4일+RSI,이평4일,RSI,95,전체 2011~,1.001609154479973,-0.3688740729825847,2.7153145960661242,1.5537276724274538,2.169211090560184,-0.21524138438810192
이평4일+RSI,이평4일,RSI,5,IS 2017~2023,1.251957772078598,-0.3896983473399981,3.212633003512096,1.7869072919181228,2.6208706096302183,-0.23261992315002267
이평4일+RSI,이평4일,RSI,10,IS 2017~2023,1.250550997792537,-0.38296088056632416,3.2654797428479303,1.8020702662029287,2.648621070202993,-0.22546098539563741
이평4일+RSI,이평4일,RSI,15,IS 2017~2023,1.2491363934349722,-0.37603800385786257,3.321835507634301,1.8154071886653702,2.679484163341359,-0.21797089697654248
이평4일+RSI,이평4일,RSI,20,IS 2017~2023,1.2477254002149616,-0.3689182902221051,3.3821185701142,1.8267692810866123,2.7061520576688958,-0.21013495740245092
이평4일+RSI,이평4일,RSI,25,IS 2017~2023,1.2461761049031166,-0.3615916953132613,3.446362626839382,1.8358894035803328,2.7305984583029628,-0.20194779789267203
이평4일+RSI,이평4일,RSI,30,IS 2017~2023,1.2447769391855057,-0.35399488940702417,3.516369802034792,1.8429668719014338,2.747321902351358,-0.1932784029884661
이평4일+RSI,이평4일,RSI,35,IS 2017~2023,1.2432624371563166,-0.3461821666191852,3.5913532152681826,1.8475420546178891,2.7554161985728993,-0.18419637003375444
이평4일+RSI,이평4일,RSI,40,IS 2017~2023,1.2418659051770442,-0.33813818247768934,3.6726580124058708,1.8497478477512652,2.759325614937966,-0.1746669575050389
이평4일+RSI,이평4일,RSI,45,IS 2017~2023,1.2404003518777893,-0.3298083599306125,3.7609730454945223,1.849385098463926,2.7550845313230248,-0.16460040941451826
이평4일+RSI,이평4일,RSI,50,IS 2017~2023,1.2388216016560536,-0.32288948607666523,3.8366737074923343,1.8463208445835129,2.743407006448485,-0.1539690399541761
이평4일+RSI,이평4일,RSI,55,IS 2017~2023,1.237417941264213,-0.3163409272592499,3.9116593353414424,1.8408551644442,2.7257881373516666,-0.1427412559827822
이평4일+RSI,이평4일,RSI,60,IS 2017~2023,1.23588800142339,-0.30959645858860607,3.9919319718887563,1.8326914507045902,2.7001623917831448,-0.13142464458767977
이평4일+RSI,이평4일,RSI,65,IS 2017~2023,1.2344214780091303,-0.303355321345376,4.069226386187955,1.8220999182509663,2.6690956353581634,-0.1360941891749734
이평4일+RSI,이평4일,RSI,70,IS 2017~2023,1.2329341367504476,-0.3036926343027988,4.0598091540183425,1.8090690862722734,2.6294314655487354,-0.1477982782642664
이평4일+RSI,이평4일,RSI,75,IS 2017~2023,1.2313857153644188,-0.3043901424362234,4.045419163409412,1.7937483671413963,2.5870497037003624,-0.15966283562185546
이평4일+RSI,이평4일,RSI,80,IS 2017~2023,1.229961674673202,-0.30509530898288484,4.03140146196807,1.7763954480961623,2.540243137931739,-0.17182743119564858
이평4일+RSI,이평4일,RSI,85,IS 2017~2023,1.2284845186291449,-0.3058033265407396,4.017237263328083,1.7570744664720606,2.492145354845806,-0.1841908146223068
이평4일+RSI,이평4일,RSI,90,IS 2017~2023,1.2268332419724217,-0.30651543822429694,4.002516966452664,1.7358047848993903,2.4448376761257156,-0.19683133193601476
이평4일+RSI,이평4일,RSI,95,IS 2017~2023,1.2254373874604454,-0.3072285490927127,3.9886833143577545,1.713358476092509,2.3993274283687924,-0.20965458999749065
이평4일+RSI,이평4일,RSI,5,OOS 2024~2026,1.5717892163230642,-0.4016096429787984,3.9137237957357547,1.8645991432181694,2.5920692627882698,-0.19058281605320215
이평4일+RSI,이평4일,RSI,10,OOS 2024~2026,1.6966774760403074,-0.32983978359820143,5.143944303902215,1.985222678728055,2.771651198347969,-0.16781296268389834
이평4일+RSI,이평4일,RSI,15,OOS 2024~2026,1.7466227446077203,-0.301207290646864,5.7987399337403955,2.0430978018977073,2.864890065257437,-0.15404317191579764
이평4일+RSI,이평4일,RSI,20,OOS 2024~2026,1.7939369093523454,-0.2955760385202194,6.0692907257758915,2.0927152801712543,2.9481734729619085,-0.14564967334429813
이평4일+RSI,이평4일,RSI,25,OOS 2024~2026,1.8409127192536574,-0.29884884144913426,6.160012902599761,2.136533510977663,3.0249303981765463,-0.14470451872000234
이평4일+RSI,이평4일,RSI,30,OOS 2024~2026,1.8854725761023503,-0.3019548491961437,6.2442202240560345,2.1741416653809584,3.0905116625942073,-0.14387433756379708
이평4일+RSI,이평4일,RSI,35,OOS 2024~2026,1.930068422895792,-0.3051839965903814,6.3242779584092474,2.207680113963179,3.149246674247635,-0.14311493155631805
이평4일+RSI,이평4일,RSI,40,OOS 2024~2026,1.9732758850558962,-0.30756272321185507,6.415848658280562,2.236758131775971,3.2021946535835553,-0.1424488972161907
이평4일+RSI,이평4일,RSI,45,OOS 2024~2026,2.015952159984438,-0.31007333940783843,6.501533359283311,2.262359242973081,3.2485554280154525,-0.1417758497060303
이평4일+RSI,이평4일,RSI,50,OOS 2024~2026,2.057364958645286,-0.3124177754965579,6.585300581489971,2.2839855163921143,3.2870227374878134,-0.1412180308784602
이평4일+RSI,이평4일,RSI,55,OOS 2024~2026,2.098284465915223,-0.3162737823417432,6.634392678328185,2.3029910475416093,3.32356342830183,-0.14068137127632385
이평4일+RSI,이평4일,RSI,60,OOS 2024~2026,2.136367408962555,-0.3216851246622937,6.641175625404879,2.3177670580813055,3.3481565639130206,-0.1402158278925022
이평4일+RSI,이평4일,RSI,65,OOS 2024~2026,2.1751417916590507,-0.326315415932966,6.665764733915862,2.3309735703025347,3.3697559804696278,-0.13978871602722032
이평4일+RSI,이평4일,RSI,70,OOS 2024~2026,2.2123908729333857,-0.33109981108511666,6.68194544020637,2.3412839060115327,3.3890622435221216,-0.139351087647535
이평4일+RSI,이평4일,RSI,75,OOS 2024~2026,2.250541910432134,-0.3353333965039481,6.7113563214859715,2.350781668692882,3.4166542572976177,-0.13894785390551379
이평4일+RSI,이평4일,RSI,80,OOS 2024~2026,2.2869997062682663,-0.339521742267221,6.735944776309143,2.357782368692819,3.4263957075797244,-0.13858958063249605
이평4일+RSI,이평4일,RSI,85,OOS 2024~2026,2.321029827680551,-0.3450870502173796,6.725925606940254,2.361516944761142,3.4365776052830865,-0.1382741083678658
이평4일+RSI,이평4일,RSI,90,OOS 2024~2026,2.357274482278776,-0.34917935424773683,6.750898796285446,2.365980673716606,3.4483931058226895,-0.13796118429449122
이평4일+RSI,이평4일,RSI,95,OOS 2024~2026,2.361981888230463,-0.3499105957078563,6.750243968612211,2.3585639792880673,3.4055832701424142,-0.13750663454229362
이평1일+중심주가,이평1일,중심주가,5,전체 2011~,0.7646111915931355,-0.3641556914093751,2.0996821129827623,1.4306162938083884,2.072644334505624,-0.23828997579971034
이평1일+중심주가,이평1일,중심주가,10,전체 2011~,0.7860285062609056,-0.3673287403362193,2.139850275645316,1.469499647905395,2.149084133991978,-0.23887928911560807
이평1일+중심주가,이평1일,중심주가,15,전체 2011~,0.8042066049414431,-0.37019858516699156,2.1723654199777034,1.498764282986132,2.2036721105688315,-0.23940970572154519
이평1일+중심주가,이평1일,중심주가,20,전체 2011~,0.8200647867477644,-0.37280311692481904,2.1997262080647837,1.520775374739178,2.2405713573469344,-0.23988959697064882
이평1일+중심주가,이평1일,중심주가,25,전체 2011~,0.8341185707021106,-0.37518509681771695,2.2232188265925865,1.5371961534955496,2.264288057378367,-0.24032539944040998
이평1일+중심주가,이평1일,중심주가,30,전체 2011~,0.8467504350493202,-0.3773669723429137,2.243838218782637,1.5493243120446045,2.2785685335224186,-0.2407234227017847
이평1일+중심주가,이평1일,중심주가,35,전체 2011~,0.8582417236215021,-0.3793716215164735,2.2622718067071723,1.5581588116508158,2.2854133169068587,-0.2410883914159282
이평1일+중심주가,이평1일,중심주가,40,전체 2011~,0.8687620970651899,-0.38122299071473,2.278881699753745,1.5644099640158233,2.2864345904020302,-0.2414253383272199
이평1일+중심주가,이평1일,중심주가,45,전체 2011~,0.8785010966358331,-0.38293182522641245,2.294144907168293,1.56871437622689,2.284310296911601,-0.24173508137520106
이평1일+중심주가,이평1일,중심주가,50,전체 2011~,0.8875419734287098,-0.38452523221129853,2.308150152656305,1.5714374122469625,2.2793247138801216,-0.2420251290728338
이평1일+중심주가,이평1일,중심주가,55,전체 2011~,0.8959967615352571,-0.38600541382142173,2.321202577614037,1.5729736876689526,2.272431311028564,-0.24229213421470186
이평1일+중심주가,이평1일,중심주가,60,전체 2011~,0.9039297702256095,-0.3873869401925918,2.3334027981847174,1.5735639931342154,2.2638346655890906,-0.24254156405114657
이평1일+중심주가,이평1일,중심주가,65,전체 2011~,0.9114076631338879,-0.38867847782531506,2.344888423545552,1.5734228875143237,2.25509948122307,-0.24923442738320212
이평1일+중심주가,이평1일,중심주가,70,전체 2011~,0.9184949389861121,-0.38989014727460025,2.3557787889910813,1.5727205685287728,2.245465456657787,-0.255717881591224
이평1일+중심주가,이평1일,중심주가,75,전체 2011~,0.9251941051856865,-0.39102616484956954,2.366067001019267,1.5715513333186204,2.2388792780513382,-0.26161004671664
이평1일+중심주가,이평1일,중심주가,80,전체 2011~,0.9315787116841796,-0.395933208783095,2.3528683399591483,1.570033851732751,2.2288136132363214,-0.2670065003784343
이평1일+중심주가,이평1일,중심주가,85,전체 2011~,0.9376719391328834,-0.4029643399231527,2.3269352799597653,1.5682524725347264,2.2221451971994255,-0.2719557730244566
이평1일+중심주가,이평1일,중심주가,90,전체 2011~,0.943492876302624,-0.4095321261767102,2.3038311673148533,1.5662577430095999,2.2193869957806585,-0.2765138054426829
이평1일+중심주가,이평1일,중심주가,95,전체 2011~,0.9490722905276991,-0.4156948737346795,2.2830983745386573,1.5641034521270112,2.225181982685347,-0.2807258611886876
이평1일+중심주가,이평1일,중심주가,5,IS 2017~2023,1.0155800393727907,-0.36273402294163126,2.799792617016825,1.6436797624349355,2.34085079706979,-0.2379866217765204
이평1일+중심주가,이평1일,중심주가,10,IS 2017~2023,1.0297934241705256,-0.36482070303025615,2.8227384455347653,1.6723843542736863,2.3932015301666096,-0.2383737731738842
이평1일+중심주가,이평1일,중심주가,15,IS 2017~2023,1.0434807030009008,-0.3668652288897223,2.8443161707062883,1.6977286885240925,2.437947335580983,-0.23874528389666982
이평1일+중심주가,이평1일,중심주가,20,IS 2017~2023,1.0566184872526008,-0.3688597484601067,2.8645535102805537,1.7196729227599832,2.47396927928842,-0.23911296114232672
이평1일+중심주가,이평1일,중심주가,25,IS 2017~2023,1.0693197037428752,-0.37082050009079814,2.883658544986171,1.738451875145439,2.5050820500943467,-0.23947661925838493
이평1일+중심주가,이평1일,중심주가,30,IS 2017~2023,1.081453930399627,-0.3727329367182117,2.901417674331293,1.754004715102182,2.5286257088798774,-0.23982812181826363
이평1일+중심주가,이평1일,중심주가,35,IS 2017~2023,1.0933273467594642,-0.3746038446039369,2.9186228665523255,1.7668249631499846,2.5447713443240247,-0.24016073814511252
이평1일+중심주가,이평1일,중심주가,40,IS 2017~2023,1.1047421462239408,-0.3764400563419593,2.9347093318368587,1.7768606642100497,2.555359641424429,-0.2405082904411443
이평1일+중심주가,이평1일,중심주가,45,IS 2017~2023,1.1157242347830332,-0.378235490031098,2.9498137117997567,1.7843275608610518,2.562043666202328,-0.2408408483943144
이평1일+중심주가,이평1일,중심주가,50,IS 2017~2023,1.126448074671437,-0.3799965028157871,2.9643643199987846,1.7896093491905172,2.561189489483613,-0.241148127888279
이평1일+중심주가,이평1일,중심주가,55,IS 2017~2023,1.1368343583157041,-0.38171995288698024,2.978189507039729,1.792832256135761,2.55874571920603,-0.24146584308419572
이평1일+중심주가,이평1일,중심주가,60,IS 2017~2023,1.1469390917391795,-0.38340613059875905,2.9914469284777048,1.7942450125075422,2.554590801786365,-0.24176536680033933
이평1일+중심주가,이평1일,중심주가,65,IS 2017~2023,1.1567679003243434,-0.3850622213578081,3.00410644348683,1.7940393781656212,2.5445734665777056,-0.2420659541289153
이평1일+중심주가,이평1일,중심주가,70,IS 2017~2023,1.1663458328935397,-0.38668906464529973,3.0162369188365843,1.7924075790627563,2.534903648431719,-0.24235691118008074
이평1일+중심주가,이평1일,중심주가,75,IS 2017~2023,1.1756182761413463,-0.38827976283475774,3.027760879316444,1.7894863002048396,2.5202964181598118,-0.24264995550508317
이평1일+중심주가,이평1일,중심주가,80,IS 2017~2023,1.1847335099341056,-0.38983928160763126,3.039030610379911,1.7855833647309265,2.504236286170164,-0.24293581535110131
이평1일+중심주가,이평1일,중심주가,85,IS 2017~2023,1.1936295429142807,-0.3913707415309695,3.049869129830769,1.7807423631428727,2.4907577504688088,-0.2432033003142413
이평1일+중심주가,이평1일,중심주가,90,IS 2017~2023,1.2022466941418708,-0.3928723029158653,3.0601462236428905,1.7750560254390388,2.47633815146411,-0.2434772636062964
이평1일+중심주가,이평1일,중심주가,95,IS 2017~2023,1.210752205742069,-0.39434548385740376,3.0702829252632693,1.7687899843029764,2.477845883246842,-0.2437356332972902
이평1일+중심주가,이평1일,중심주가,5,OOS 2024~2026,1.690728640150125,-0.32388983934330373,5.220073107505093,1.906022886998666,3.007572218136965,-0.15258603781544688
이평1일+중심주가,이평1일,중심주가,10,OOS 2024~2026,1.7838199458869681,-0.3236541900038018,5.511499622068896,1.96392652547813,3.1364521784551975,-0.14311809231266537
이평1일+중심주가,이평1일,중심주가,15,OOS 2024~2026,1.8226068058447802,-0.3234869106884929,5.634252099924654,1.9932180756680369,3.2030806565027774,-0.1369721024837416
이평1일+중심주가,이평1일,중심주가,20,OOS 2024~2026,1.8601172472570302,-0.3232982339612386,5.7535645167800284,2.020266909145525,3.2654660310287777,-0.13224524400965532
이평1일+중심주가,이평1일,중심주가,25,OOS 2024~2026,1.8972990526707743,-0.3231759400803378,5.870793018190425,2.045630411095271,3.3283369676856553,-0.1322566248472119
이평1일+중심주가,이평1일,중심주가,30,OOS 2024~2026,1.9339889365828373,-0.3230403743306187,5.986833505224577,2.0691165577069626,3.379633767935911,-0.13225620319475462
이평1일+중심주가,이평1일,중심주가,35,OOS 2024~2026,1.9686952861754645,-0.32296648000789496,6.095664435910932,2.089606094248693,3.4168874781721192,-0.1323213059399324
이평1일+중심주가,이평1일,중심주가,40,OOS 2024~2026,2.0045294550298376,-0.3228509596095547,6.208838460489786,2.109016998241263,3.4506939984382017,-0.13234321819150074
이평1일+중심주가,이평1일,중심주가,45,OOS 2024~2026,2.0388412648166683,-0.3227752462892237,6.316597348328745,2.125771063985024,3.4735729260116255,-0.13410109196052844
이평1일+중심주가,이평1일,중심주가,50,OOS 2024~2026,2.073143015942401,-0.3226616111471967,6.425130676598038,2.140475869665184,3.4838278600179895,-0.1482675537670789
이평1일+중심주가,이평1일,중심주가,55,OOS 2024~2026,2.1055753916943387,-0.32259661930578665,6.526960500160981,2.15234544812639,3.487020726258716,-0.162112301234558
이평1일+중심주가,이평1일,중심주가,60,OOS 2024~2026,2.1373745508262814,-0.32247717048228053,6.627987176982892,2.161970305157754,3.4806173337758044,-0.1760893699201862
이평1일+중심주가,이평1일,중심주가,65,OOS 2024~2026,2.170501256297893,-0.3223622597864704,6.733112175524554,2.17024221542659,3.4672850297735076,-0.19007049978554869
이평1일+중심주가,이평1일,중심주가,70,OOS 2024~2026,2.200804366695119,-0.3223363785760254,6.827663623999062,2.1750261530609114,3.4475226813814595,-0.20379309129230938
이평1일+중심주가,이평1일,중심주가,75,OOS 2024~2026,2.23313881072547,-0.32224863624752176,6.9298627194505125,2.1791505332218097,3.423762352271993,-0.21746352689520165
이평1일+중심주가,이평1일,중심주가,80,OOS 2024~2026,2.2629843092922344,-0.3221864353472871,7.023834839145066,2.179954699228999,3.394927209790906,-0.23111031738505117
이평1일+중심주가,이평1일,중심주가,85,OOS 2024~2026,2.292278697273504,-0.32872634692425784,6.973212578551454,2.1787578701988615,3.353785262645922,-0.24460045543688513
이평1일+중심주가,이평1일,중심주가,90,OOS 2024~2026,2.322408319164116,-0.33609153637738554,6.910047019322629,2.176126366760319,3.3090603851614615,-0.25811518572841785
이평1일+중심주가,이평1일,중심주가,95,OOS 2024~2026,2.3235744025629512,-0.34788879245370696,6.679072315536424,2.1568843840859553,3.2516074599787137,-0.27990848730938245
이평1일+RSI,이평1일,RSI,5,전체 2011~,0.8302720374970842,-0.4161827008398953,1.9949700836231739,1.465471930017845,2.080588618915708,-0.23978700089527782
이평1일+RSI,이평1일,RSI,10,전체 2011~,0.8408527446995313,-0.40487431361081605,2.0768241314211844,1.4951188213115967,2.128946853453784,-0.24008199021317334
이평1일+RSI,이평1일,RSI,15,전체 2011~,0.850603973998006,-0.39615682048920264,2.1471395417290045,1.519325559315948,2.168113756134864,-0.24036351144095525
이평1일+RSI,이평1일,RSI,20,전체 2011~,0.859650363353283,-0.39613635099441824,2.170087045016972,1.539082063302859,2.2034458567590156,-0.2406374347499568
이평1일+RSI,이평1일,RSI,25,전체 2011~,0.8681042103669483,-0.3961160077160448,2.1915403403470823,1.5550923586970078,2.2313907788739455,-0.24090253452965082
이평1일+RSI,이평1일,RSI,30,전체 2011~,0.8760296342972345,-0.3960956357190393,2.2116619202505543,1.5678556762603293,2.2542455075594323,-0.24115860339658635
이평1일+RSI,이평1일,RSI,35,전체 2011~,0.8834928685134238,-0.3960753819251125,2.230617980393614,1.5777927036640316,2.2713162358218497,-0.24140668793288356
이평1일+RSI,이평1일,RSI,40,전체 2011~,0.8905405276867977,-0.39605511645227576,2.248526759770081,1.5852426248514266,2.282505869463557,-0.2416485587346472
이평1일+RSI,이평1일,RSI,45,전체 2011~,0.8972276364979934,-0.39603481822264885,2.265527158760007,1.590515800392005,2.2887440616598025,-0.24188185248964666
이평1일+RSI,이평1일,RSI,50,전체 2011~,0.9035901201911778,-0.39601455003326114,2.281709397079692,1.59387026112367,2.292685235930742,-0.24210882441418213
이평1일+RSI,이평1일,RSI,55,전체 2011~,0.9096567454461351,-0.3959943290449388,2.2971458900435517,1.595531215200759,2.2930992010896163,-0.2423284079451029
이평1일+RSI,이평1일,RSI,60,전체 2011~,0.9154523584977217,-0.3959743142935823,2.311898336463787,1.5957018496403417,2.2893689300821576,-0.24254165298192754
이평1일+RSI,이평1일,RSI,65,전체 2011~,0.9210006174986913,-0.39595408775052876,2.326028814934141,1.5945629979134381,2.2840648568910717,-0.24274827476237482
이평1일+RSI,이평1일,RSI,70,전체 2011~,0.9263377070655519,-0.3959339954657235,2.339626598559522,1.5922932461681147,2.2761589987829103,-0.24684875733096645
이평1일+RSI,이평1일,RSI,75,전체 2011~,0.931443215045914,-0.39591387338381434,2.3526410102404687,1.589009098040762,2.266319735499007,-0.2543306843747719
이평1일+RSI,이평1일,RSI,80,전체 2011~,0.9363690168109167,-0.3970496263638812,2.358317335256146,1.5848652796612848,2.25785697029718,-0.2612739763476837
이평1일+RSI,이평1일,RSI,85,전체 2011~,0.9411186690982529,-0.40354660948522925,2.3321188853469974,1.5799730375586845,2.249241731321213,-0.2677330301127391
이평1일+RSI,이평1일,RSI,90,전체 2011~,0.9457040083802222,-0.40977399655777225,2.3078673032560073,1.5744481005825048,2.2414923405449536,-0.2737434719219649
이평1일+RSI,이평1일,RSI,95,전체 2011~,0.9501365240916808,-0.4157410839252156,2.2854044520233017,1.5683677078768103,2.2427264905923265,-0.27936636779342183
이평1일+RSI,이평1일,RSI,5,IS 2017~2023,1.2517796051543835,-0.39618806041580934,3.1595591342167384,1.7849196453217573,2.617459127900374,-0.23962964537867804
이평1일+RSI,이평1일,RSI,10,IS 2017~2023,1.2501096261205698,-0.39617421540083,3.1554542863315045,1.7984868052870473,2.6274911885140755,-0.23982570628836253
이평1일+RSI,이평1일,RSI,15,IS 2017~2023,1.2484672057888706,-0.3961605352992065,3.151417404174159,1.8109303843216302,2.639655179249478,-0.24001799771254706
이평1일+RSI,이평1일,RSI,20,IS 2017~2023,1.2468232749293877,-0.3961456029664686,3.1473863791312207,1.822105930181682,2.6518602997236806,-0.24021991598170567
이평1일+RSI,이평1일,RSI,25,IS 2017~2023,1.2451472232542642,-0.39613017814347673,3.143277871657829,1.8319577842344317,2.6611780609971896,-0.24043238127718014
이평1일+RSI,이평1일,RSI,30,IS 2017~2023,1.2434259902669091,-0.3961139494607969,3.139061353329012,1.8403118589938656,2.66835864329906,-0.2406390064343521
이평1일+RSI,이평1일,RSI,35,IS 2017~2023,1.2417002475228451,-0.3960979958228428,3.1348309272390336,1.8471749918925113,2.6725163535376253,-0.2408496514919738
이평1일+RSI,이평1일,RSI,40,IS 2017~2023,1.2401032946429211,-0.39608047720928574,3.130937690694764,1.8525166418358492,2.675530254391948,-0.24107337495482295
이평1일+RSI,이평1일,RSI,45,IS 2017~2023,1.2383532700803235,-0.39606226916857257,3.126663069117684,1.8560156334255138,2.67513780420515,-0.2412954640726226
이평1일+RSI,이평1일,RSI,50,IS 2017~2023,1.236584858870983,-0.3960428912912962,3.1223508515431324,1.8577020737015049,2.669557452643899,-0.24151542932453185
이평1일+RSI,이평1일,RSI,55,IS 2017~2023,1.2349005902054766,-0.39602364733290496,3.118249626056789,1.857587668051376,2.6608061104561807,-0.2417408542241548
이평1일+RSI,이평1일,RSI,60,IS 2017~2023,1.2331010746383666,-0.3960032845108101,3.1138657755367816,1.8553748964629329,2.650423490970141,-0.24198096008131087
이평1일+RSI,이평1일,RSI,65,IS 2017~2023,1.2314019144291053,-0.3959811278230363,3.1097489953597437,1.8512346401972655,2.6378191726384492,-0.24220724681389894
이평1일+RSI,이평1일,RSI,70,IS 2017~2023,1.2296153701353876,-0.3959582027088163,3.105417091307575,1.8449069425082159,2.619854917582679,-0.2424563906986965
이평1일+RSI,이평1일,RSI,75,IS 2017~2023,1.2278834212899272,-0.3959339805773068,3.1012327345573234,1.8365157389311864,2.6016226116823544,-0.24270092641344043
이평1일+RSI,이평1일,RSI,80,IS 2017~2023,1.226094166318218,-0.3959083904404477,3.0969138212862566,1.8258850128434294,2.5771089642998404,-0.2429529436289921
이평1일+RSI,이평1일,RSI,85,IS 2017~2023,1.2243821690228938,-0.39588230352992426,3.092793383552554,1.8131697115277734,2.5505560066630104,-0.2432000833863176
이평1일+RSI,이평1일,RSI,90,IS 2017~2023,1.2225299571571662,-0.39585423146536425,3.0883336844262907,1.7981288641319884,2.52840765502565,-0.24346665259661426
이평1일+RSI,이평1일,RSI,95,IS 2017~2023,1.2208538086995957,-0.39582394021719536,3.0843354447679245,1.7811772367520606,2.5094549884265707,-0.24372603214777355
이평1일+RSI,이평1일,RSI,5,OOS 2024~2026,1.58573434768025,-0.4128290875848535,3.841140063451357,1.8700075444581925,2.592734070052562,-0.19300141871592302
이평1일+RSI,이평1일,RSI,10,OOS 2024~2026,1.6911045360223182,-0.36729005042594554,4.604275378712676,1.9733378852208499,2.7593848463326807,-0.17565635313476213
이평1일+RSI,이평1일,RSI,15,OOS 2024~2026,1.7370477209946973,-0.34034117184115265,5.103842451965903,2.021731156622272,2.8516416274941574,-0.16488944587063192
이평1일+RSI,이평1일,RSI,20,OOS 2024~2026,1.781230457734722,-0.3130452516842225,5.690009505499541,2.061072390260635,2.9310387205064266,-0.15426931189032422
이평1일+RSI,이평1일,RSI,25,OOS 2024~2026,1.825651043434326,-0.2904070310391398,6.2865249401908345,2.093697226495734,3.008290672607409,-0.14375631006415823
이평1일+RSI,이평1일,RSI,30,OOS 2024~2026,1.8680495700111126,-0.29304849459659965,6.37454074822191,2.119492686283851,3.0714422696701544,-0.13349164860012386
이평1일+RSI,이평1일,RSI,35,OOS 2024~2026,1.9094463698533168,-0.29675164000355647,6.434493065751659,2.1399095219491797,3.128495770683192,-0.14159751336525994
이평1일+RSI,이평1일,RSI,40,OOS 2024~2026,1.9514683904020576,-0.30023783847925023,6.499741672423896,2.156541088823901,3.1747900622728435,-0.15660887979865667
이평1일+RSI,이평1일,RSI,45,OOS 2024~2026,1.9907122101147485,-0.30351466390830895,6.558866660610962,2.1680825689413488,3.2094309681155275,-0.17076335425232958
이평1일+RSI,이평1일,RSI,50,OOS 2024~2026,2.030160680787137,-0.30662590697285574,6.620969183034029,2.176861123507048,3.240360003888911,-0.18412005775877716
이평1일+RSI,이평1일,RSI,55,OOS 2024~2026,2.06794560094859,-0.3094723800267821,6.682165305897823,2.1827910120519793,3.2628905328602813,-0.19648221253190246
이평1일+RSI,이평1일,RSI,60,OOS 2024~2026,2.1042368108673166,-0.3121600830938821,6.740890090788667,2.1857079216176207,3.2803473948887865,-0.20839289770070402
이평1일+RSI,이평1일,RSI,65,OOS 2024~2026,2.1427639405101315,-0.3147784499485785,6.807212948853928,2.1884139875185897,3.291908380229416,-0.21965426789881304
이평1일+RSI,이평1일,RSI,70,OOS 2024~2026,2.1767104495338057,-0.3202100209732729,6.797758680124161,2.186978169233716,3.29636772482264,-0.23045657727355728
이평1일+RSI,이평1일,RSI,75,OOS 2024~2026,2.213667892907035,-0.32591323463873023,6.792200063188141,2.186584724747164,3.310868144113546,-0.24055845507988338
이평1일+RSI,이평1일,RSI,80,OOS 2024~2026,2.2479260287451432,-0.3312881254007136,6.785410814305936,2.1839667064792745,3.308984081362719,-0.25015967553728224
이평1일+RSI,이평1일,RSI,85,OOS 2024~2026,2.280404477309358,-0.33650779042042944,6.776676624515122,2.179303664979466,3.3114537785714386,-0.25952192302084875
이평1일+RSI,이평1일,RSI,90,OOS 2024~2026,2.3151886455980026,-0.34135554073320507,6.782337971210773,2.1757858548999356,3.300562682418641,-0.26822171999328814
이평1일+RSI,이평1일,RSI,95,OOS 2024~2026,2.3171989820283683,-0.34839052662877024,6.651153819970181,2.1558936326814733,3.258049162997456,-0.280921879246258
중심주가+RSI,중심주가,RSI,5,전체 2011~,0.8157547673378625,-0.42088608678298656,1.9381842093499149,1.4383807709744054,2.036971346947823,-0.23942506190174806
중심주가+RSI,중심주가,RSI,10,전체 2011~,0.8127088888648977,-0.41370791140401375,1.9644509240995212,1.4474679908417154,2.0468773609096496,-0.23936574668649868
중심주가+RSI,중심주가,RSI,15,전체 2011~,0.809586132101491,-0.40622029305009344,1.9929731378576307,1.4560716854808575,2.0635775308703153,-0.23930179666380602
중심주가+RSI,중심주가,RSI,20,전체 2011~,0.806375979967394,-0.3988886800817628,2.021556439761855,1.4641001197037873,2.0813797656837187,-0.23923368267440226
중심주가+RSI,중심주가,RSI,25,전체 2011~,0.8030826551969938,-0.3929880317500539,2.043529548777114,1.471462634090751,2.0966284979259338,-0.23916610865779242
중심주가+RSI,중심주가,RSI,30,전체 2011~,0.7996967575413347,-0.39016191347783036,2.04965356667694,1.4780162594277477,2.1122010449917856,-0.23909505426638056
중심주가+RSI,중심주가,RSI,35,전체 2011~,0.7962144927904424,-0.3889270714070483,2.0472076934884536,1.483640728384466,2.126898663774727,-0.23901857200633714
중심주가+RSI,중심주가,RSI,40,전체 2011~,0.7926343015819484,-0.3876112284691544,2.0449208984796607,1.4881727318634712,2.1385130746852954,-0.23894180739387605
중심주가+RSI,중심주가,RSI,45,전체 2011~,0.788945212777298,-0.38620513536582013,2.0428138844658177,1.4914334003737106,2.1485292898425774,-0.2388598559320828
중심주가+RSI,중심주가,RSI,50,전체 2011~,0.7851386222963763,-0.384700208733906,2.04091031008369,1.4932190726030201,2.1568134140875634,-0.23877402889568589
중심주가+RSI,중심주가,RSI,55,전체 2011~,0.7812283162205975,-0.3830823207912587,2.039322291373212,1.493346175758159,2.1595232045859936,-0.23868295433188125
중심주가+RSI,중심주가,RSI,60,전체 2011~,0.7771549260319748,-0.3813495026639948,2.0379072756172496,1.4915066600599167,2.1606456584760627,-0.23858852782530493
중심주가+RSI,중심주가,RSI,65,전체 2011~,0.7729659286391117,-0.37947323289338086,2.0369445368925114,1.4875426612122988,2.1563213731651603,-0.23849082442108172
중심주가+RSI,중심주가,RSI,70,전체 2011~,0.7686119375391185,-0.3774454309401758,2.0363524751765816,1.4811523333820826,2.147743797416136,-0.2383889921020973
중심주가+RSI,중심주가,RSI,75,전체 2011~,0.7641159345854978,-0.37524208585491103,2.0363279157363667,1.4721231916480388,2.134963126258203,-0.23827956482201762
중심주가+RSI,중심주가,RSI,80,전체 2011~,0.7594462234037684,-0.3728407959161669,2.0369182549822944,1.4601847354556692,2.1151731402442175,-0.23816491101521664
중심주가+RSI,중심주가,RSI,85,전체 2011~,0.754541020315656,-0.37021685209850264,2.0381055482447277,1.445055785544181,2.089337979063062,-0.2380424876152588
중심주가+RSI,중심주가,RSI,90,전체 2011~,0.7494854630941337,-0.3673360783633579,2.040326304003183,1.426656160319694,2.058441270107451,-0.23791404579226683
중심주가+RSI,중심주가,RSI,95,전체 2011~,0.7441532054199478,-0.3641557587598251,2.043502505505469,1.4046719325590007,2.021636582776509,-0.23777883441187375
중심주가+RSI,중심주가,RSI,5,IS 2017~2023,1.244216931133871,-0.3952684335460145,3.147777119391518,1.7779804671458426,2.5962281341647486,-0.23937036917978183
중심주가+RSI,중심주가,RSI,10,IS 2017~2023,1.2347663211692352,-0.3942884174064851,3.131632243450543,1.7852204135006053,2.601822326016357,-0.23931037471507288
중심주가+RSI,중심주가,RSI,15,IS 2017~2023,1.225084087259436,-0.3932567387459953,3.1152271952565784,1.7918432749186313,2.613795559126646,-0.23923668624064054
중심주가+RSI,중심주가,RSI,20,IS 2017~2023,1.2151794251217964,-0.39216937851384137,3.09860864131417,1.7977516910324156,2.6252862256660583,-0.23917227696414478
중심주가+RSI,중심주가,RSI,25,IS 2017~2023,1.2048922977810639,-0.39102154774272213,3.0813961653433966,1.802693614837718,2.6322034623989534,-0.23909743818613205
중심주가+RSI,중심주가,RSI,30,IS 2017~2023,1.194363366422483,-0.38980636210935427,3.063991464786361,1.8066629837201766,2.6408464462769694,-0.23902111409543458
중심주가+RSI,중심주가,RSI,35,IS 2017~2023,1.183506758989994,-0.3885167900851708,3.046217793394579,1.8094352199188193,2.6470355317068837,-0.23894104755982437
중심주가+RSI,중심주가,RSI,40,IS 2017~2023,1.1724396803145964,-0.38715429607936436,3.028352499733732,1.810858123201843,2.6505184456806417,-0.23886324288352634
중심주가+RSI,중심주가,RSI,45,IS 2017~2023,1.160898772224959,-0.3857060633914744,3.0098017179644354,1.810556011185101,2.6514503377579266,-0.238784412248486
중심주가+RSI,중심주가,RSI,50,IS 2017~2023,1.1489141825341878,-0.38415948606382,2.9907218856059172,1.8083296175784473,2.64849145444015,-0.2386931837409394
중심주가+RSI,중심주가,RSI,55,IS 2017~2023,1.1366915822257373,-0.38251382181119997,2.9716353172377183,1.8040876961996488,2.6405961759022785,-0.23860605142173053
중심주가+RSI,중심주가,RSI,60,IS 2017~2023,1.1238974192868767,-0.38074828220394663,2.9518121862066984,1.7972782383738413,2.6284543985940547,-0.23851775715214985
중심주가+RSI,중심주가,RSI,65,IS 2017~2023,1.1107639174893458,-0.3788621284029037,2.9318420454738505,1.787766127694187,2.608328395447638,-0.23840114920913702
중심주가+RSI,중심주가,RSI,70,IS 2017~2023,1.0968732407479078,-0.37683323874189356,2.910765633121857,1.774863723238671,2.585956853792129,-0.2383189548520549
중심주가+RSI,중심주가,RSI,75,IS 2017~2023,1.0827056267526305,-0.374652562091627,2.889892493215723,1.7587401023511178,2.5555441419238725,-0.23820299626779484
중심주가+RSI,중심주가,RSI,80,IS 2017~2023,1.0677744511374914,-0.3722871925948724,2.868147151920579,1.7385514857841988,2.5173788198158022,-0.238095429122531
중심주가+RSI,중심주가,RSI,85,IS 2017~2023,1.0522266477771498,-0.3697363412054987,2.8458837569129414,1.7141484087519352,2.4738261517383155,-0.23797122208926158
중심주가+RSI,중심주가,RSI,90,IS 2017~2023,1.0358524140523984,-0.36695153603492947,2.82285891277424,1.6849683967265823,2.41982530453126,-0.23785625564292034
중심주가+RSI,중심주가,RSI,95,IS 2017~2023,1.0188376714389658,-0.3639280006163268,2.7995583459187614,1.651025272875221,2.361436296993742,-0.23772214571796935
중심주가+RSI,중심주가,RSI,5,OOS 2024~2026,1.5571245345765377,-0.4132119534757531,3.7683433924858813,1.8540225661533751,2.588202482344053,-0.19306344962032795
중심주가+RSI,중심주가,RSI,10,OOS 2024~2026,1.6053205297015962,-0.3844135958133955,4.176024332086477,1.926182493935914,2.713080153354505,-0.17200207237325804
중심주가+RSI,중심주가,RSI,15,OOS 2024~2026,1.61091369339678,-0.3671040711843351,4.388166244519493,1.9527247377054227,2.780145463528846,-0.15974765294507964
중심주가+RSI,중심주가,RSI,20,OOS 2024~2026,1.6163008040342053,-0.350308606583311,4.613934038899538,1.971807888071009,2.8340591062758462,-0.152044792599331
중심주가+RSI,중심주가,RSI,25,OOS 2024~2026,1.6225417783731562,-0.3337577676224939,4.86143525566835,1.985176472007734,2.883416962015598,-0.1523073861965768
중심주가+RSI,중심주가,RSI,30,OOS 2024~2026,1.6271413484438222,-0.3178078572800812,5.119890245538635,1.9923385165820842,2.919343363054323,-0.15256581518973744
중심주가+RSI,중심주가,RSI,35,OOS 2024~2026,1.633556748858025,-0.3021843181994631,5.405828994010739,1.9969272802779618,2.94867220276262,-0.15280989814938417
중심주가+RSI,중심주가,RSI,40,OOS 2024~2026,1.6398226357338208,-0.2865769170050947,5.722102997237103,1.9979611296841286,2.9773696881226064,-0.15302434958934064
중심주가+RSI,중심주가,RSI,45,OOS 2024~2026,1.644824728109525,-0.27690238057683003,5.940088794769851,1.9953615883499725,2.9897066350866583,-0.1532281717481394
중심주가+RSI,중심주가,RSI,50,OOS 2024~2026,1.649981388268937,-0.27674357997547605,5.962130678569497,1.9907875957365366,3.0027087969713233,-0.153460703122287
중심주가+RSI,중심주가,RSI,55,OOS 2024~2026,1.6559574938317003,-0.27653033442561736,5.988339388773744,1.9854318251308074,3.018969017218272,-0.15363076886887905
중심주가+RSI,중심주가,RSI,60,OOS 2024~2026,1.6607374576150473,-0.27639442108390055,6.008578071519484,1.9776414337815813,3.0289419591375557,-0.15381550703057556
중심주가+RSI,중심주가,RSI,65,OOS 2024~2026,1.6668057791638446,-0.276220806000405,6.034323783565387,1.9698619055715354,3.0279971286051985,-0.15401730862474006
중심주가+RSI,중심주가,RSI,70,OOS 2024~2026,1.6710114776823097,-0.2782030313702111,6.0064459738350475,1.9599153845217276,3.0332481569867666,-0.15417972022370685
중심주가+RSI,중심주가,RSI,75,OOS 2024~2026,1.6769575087174022,-0.28487834292498626,5.886574217960037,1.9508312605508706,3.0531688358192586,-0.15432821542882147
중심주가+RSI,중심주가,RSI,80,OOS 2024~2026,1.6826014141607297,-0.29099680781466597,5.7821988728906195,1.9411882489584065,3.049182281456733,-0.1544743869699471
중심주가+RSI,중심주가,RSI,85,OOS 2024~2026,1.6866059006410392,-0.29941372931421917,5.633027932633756,1.9299242157724386,3.046274142644762,-0.1546257286219188
중심주가+RSI,중심주가,RSI,90,OOS 2024~2026,1.69271101303984,-0.3078390457187108,5.498688475621646,1.9203262314032636,3.0413460228283475,-0.15475837099274425
중심주가+RSI,중심주가,RSI,95,OOS 2024~2026,1.6547843425975484,-0.32326160119011094,5.119025385339119,1.8875626821494853,2.943844694813948,-0.1549702649111221
