Date,Close
2010-01-04,46.42
2010-01-05,46.42
2010-01-06,46.14
2010-01-07,46.17
2010-01-08,46.55
2010-01-11,46.36
2010-01-12,45.78
2010-01-13,46.35
2010-01-14,46.39
2010-01-15,45.85
2010-01-19,46.59
2010-01-20,45.92
2010-01-21,45.49
2010-01-22,44.16
2010-01-25,44.31
2010-01-26,44.35
2010-01-27,44.7
2010-01-28,43.55
2010-01-29,42.79
2010-02-01,43.26
2010-02-02,43.65
2010-02-03,43.89
2010-02-04,42.62
2010-02-05,42.98
2010-02-08,42.67
2010-02-09,43.11
2010-02-10,43.02
2010-02-11,43.67
2010-02-12,43.76
2010-02-16,44.32
2010-02-17,44.57
2010-02-18,44.85
2010-02-19,44.83
2010-02-22,44.74
2010-02-23,44.16
2010-02-24,44.61
2010-02-25,44.6
2010-02-26,44.76
2010-03-01,45.41
2010-03-02,45.55
2010-03-03,45.6
2010-03-04,45.75
2010-03-05,46.44
2010-03-08,46.53
2010-03-09,46.79
2010-03-10,47.17
2010-03-11,47.35
2010-03-12,47.36
2010-03-15,47.24
2010-03-16,47.54
2010-03-17,47.67
2010-03-18,47.83
2010-03-19,47.49
2010-03-22,47.92
2010-03-23,48.25
2010-03-24,48.02
2010-03-25,47.95
2010-03-26,48.0
2010-03-29,48.23
2010-03-30,48.39
2010-03-31,48.16
2010-04-01,48.16
2010-04-05,48.61
2010-04-06,48.75
2010-04-07,48.63
2010-04-08,48.74
2010-04-09,49.03
2010-04-12,49.07
2010-04-13,49.32
2010-04-14,49.91
2010-04-15,50.13
2010-04-16,49.53
2010-04-19,49.5
2010-04-20,49.75
2010-04-21,50.03
2010-04-22,50.31
2010-04-23,50.52
2010-04-26,50.41
2010-04-27,49.34
2010-04-28,49.37
2010-04-29,50.23
2010-04-30,49.24
2010-05-03,49.93
2010-05-04,48.43
2010-05-05,48.18
2010-05-06,46.57
2010-05-07,45.41
2010-05-10,47.77
2010-05-11,47.72
2010-05-12,48.62
2010-05-13,47.85
2010-05-14,46.93
2010-05-17,47.08
2010-05-18,46.43
2010-05-19,46.06
2010-05-20,44.35
2010-05-21,44.84
2010-05-24,44.66
2010-05-25,44.7
2010-05-26,44.2
2010-05-27,45.87
2010-05-28,45.6
2010-06-01,45.18
2010-06-02,46.25
2010-06-03,46.69
2010-06-04,45.09
2010-06-07,44.27
2010-06-08,44.19
2010-06-09,43.82
2010-06-10,45.07
2010-06-11,45.5
2010-06-14,45.49
2010-06-15,46.71
2010-06-16,46.9
2010-06-17,47.05
2010-06-18,47.0
2010-06-21,46.6
2010-06-22,46.24
2010-06-23,46.05
2010-06-24,45.35
2010-06-25,45.27
2010-06-28,45.11
2010-06-29,43.37
2010-06-30,42.71
2010-07-01,42.59
2010-07-02,42.47
2010-07-06,42.6
2010-07-07,43.96
2010-07-08,44.2
2010-07-09,44.62
2010-07-12,44.75
2010-07-13,45.33
2010-07-14,45.56
2010-07-15,45.6
2010-07-16,44.34
2010-07-19,44.72
2010-07-20,45.26
2010-07-21,44.64
2010-07-22,45.77
2010-07-23,46.06
2010-07-26,46.44
2010-07-27,46.42
2010-07-28,46.05
2010-07-29,45.71
2010-07-30,45.81
2010-08-02,46.67
2010-08-03,46.47
2010-08-04,46.94
2010-08-05,46.83
2010-08-06,46.76
2010-08-09,47.08
2010-08-10,46.67
2010-08-11,45.4
2010-08-12,45.04
2010-08-13,44.72
2010-08-16,44.8
2010-08-17,45.37
2010-08-18,45.55
2010-08-19,44.86
2010-08-20,44.92
2010-08-23,44.48
2010-08-24,43.65
2010-08-25,44.07
2010-08-26,43.54
2010-08-27,44.07
2010-08-30,43.61
2010-08-31,43.46
2010-09-01,44.76
2010-09-02,45.26
2010-09-03,46.01
2010-09-07,45.7
2010-09-08,46.25
2010-09-09,46.43
2010-09-10,46.6
2010-09-13,47.25
2010-09-14,47.45
2010-09-15,47.75
2010-09-16,47.94
2010-09-17,48.0
2010-09-20,48.83
2010-09-21,48.82
2010-09-22,48.69
2010-09-23,48.67
2010-09-24,49.66
2010-09-27,49.39
2010-09-28,49.37
2010-09-29,49.29
2010-09-30,49.07
2010-10-01,49.01
2010-10-04,48.48
2010-10-05,49.66
2010-10-06,49.12
2010-10-07,49.41
2010-10-08,49.75
2010-10-11,49.77
2010-10-12,50.11
2010-10-13,50.52
2010-10-14,50.42
2010-10-15,51.49
2010-10-18,51.3
2010-10-19,50.82
2010-10-20,51.19
2010-10-21,51.29
2010-10-22,51.64
2010-10-25,51.89
2010-10-26,52.03
2010-10-27,52.19
2010-10-28,52.3
2010-10-29,52.18
2010-11-01,52.22
2010-11-02,52.78
2010-11-03,53.02
2010-11-04,53.67
2010-11-05,53.67
2010-11-08,53.74
2010-11-09,53.45
2010-11-10,53.72
2010-11-11,53.38
2010-11-12,52.51
2010-11-15,52.32
2010-11-16,51.45
2010-11-17,51.6
2010-11-18,52.43
2010-11-19,52.47
2010-11-22,52.91
2010-11-23,52.07
2010-11-24,53.12
2010-11-26,52.77
2010-11-29,52.73
2010-11-30,52.09
2010-12-01,53.19
2010-12-02,53.73
2010-12-03,53.87
2010-12-06,53.85
2010-12-07,53.88
2010-12-08,54.08
2010-12-09,54.13
2010-12-10,54.5
2010-12-13,54.3
2010-12-14,54.4
2010-12-15,54.16
2010-12-16,54.58
2010-12-17,54.52
2010-12-20,54.56
2010-12-21,54.89
2010-12-22,54.88
2010-12-23,54.74
2010-12-27,54.77
2010-12-28,54.67
2010-12-29,54.79
2010-12-30,54.66
2010-12-31,54.46
2011-01-03,55.31
2011-01-04,55.27
2011-01-05,55.74
2011-01-06,55.92
2011-01-07,55.87
2011-01-10,56.08
2011-01-11,56.16
2011-01-12,56.56
2011-01-13,56.58
2011-01-14,57.0
2011-01-18,57.16
2011-01-19,56.51
2011-01-20,56.11
2011-01-21,55.68
2011-01-24,56.45
2011-01-25,56.53
2011-01-26,56.83
2011-01-27,57.18
2011-01-28,55.73
2011-01-31,56.0
2011-02-01,57.05
2011-02-02,56.96
2011-02-03,57.06
2011-02-04,57.38
2011-02-07,57.65
2011-02-08,58.03
2011-02-09,57.93
2011-02-10,58.02
2011-02-11,58.44
2011-02-14,58.58
2011-02-15,58.5
2011-02-16,58.88
2011-02-17,58.86
2011-02-18,58.73
2011-02-22,57.03
2011-02-23,56.56
2011-02-24,56.86
2011-02-25,57.65
2011-02-28,57.77
2011-03-01,56.84
2011-03-02,57.14
2011-03-03,58.27
2011-03-04,57.97
2011-03-07,57.19
2011-03-08,57.42
2011-03-09,57.03
2011-03-10,56.14
2011-03-11,56.49
2011-03-14,56.29
2011-03-15,55.49
2011-03-16,54.15
2011-03-17,54.65
2011-03-18,54.45
2011-03-21,55.5
2011-03-22,55.4
2011-03-23,55.71
2011-03-24,56.7
2011-03-25,56.84
2011-03-28,56.53
2011-03-29,57.08
2011-03-30,57.35
2011-03-31,57.43
2011-04-01,57.46
2011-04-04,57.27
2011-04-05,57.12
2011-04-06,57.26
2011-04-07,57.22
2011-04-08,56.95
2011-04-11,56.76
2011-04-12,56.37
2011-04-13,56.85
2011-04-14,56.75
2011-04-15,56.65
2011-04-18,56.25
2011-04-19,56.6
2011-04-20,57.88
2011-04-21,58.34
2011-04-25,58.49
2011-04-26,58.82
2011-04-27,59.22
2011-04-28,59.13
2011-04-29,59.08
2011-05-02,58.97
2011-05-03,58.69
2011-05-04,58.6
2011-05-05,58.28
2011-05-06,58.47
2011-05-09,58.69
2011-05-10,59.19
2011-05-11,58.76
2011-05-12,59.11
2011-05-13,58.41
2011-05-16,57.4
2011-05-17,57.56
2011-05-18,58.04
2011-05-19,58.21
2011-05-20,57.77
2011-05-23,56.92
2011-05-24,56.57
2011-05-25,56.79
2011-05-26,57.14
2011-05-27,57.43
2011-05-31,58.36
2011-06-01,57.09
2011-06-02,57.21
2011-06-03,56.35
2011-06-06,55.89
2011-06-07,55.79
2011-06-08,55.39
2011-06-09,55.49
2011-06-10,54.64
2011-06-13,54.64
2011-06-14,55.34
2011-06-15,54.29
2011-06-16,54.08
2011-06-17,53.79
2011-06-20,54.07
2011-06-21,55.23
2011-06-22,54.83
2011-06-23,55.34
2011-06-24,54.38
2011-06-27,55.25
2011-06-28,56.07
2011-06-29,56.3
2011-06-30,57.05
2011-07-01,57.91
2011-07-05,58.2
2011-07-06,58.39
2011-07-07,59.19
2011-07-08,59.03
2011-07-11,57.96
2011-07-12,57.52
2011-07-13,57.76
2011-07-14,57.09
2011-07-15,57.85
2011-07-18,57.54
2011-07-19,58.85
2011-07-20,58.6
2011-07-21,58.99
2011-07-22,59.6
2011-07-25,59.48
2011-07-26,59.63
2011-07-27,58.09
2011-07-28,58.19
2011-07-29,58.0
2011-08-01,57.73
2011-08-02,56.27
2011-08-03,56.81
2011-08-04,54.17
2011-08-05,53.83
2011-08-08,50.59
2011-08-09,53.03
2011-08-10,50.86
2011-08-11,53.1
2011-08-12,53.57
2011-08-15,54.36
2011-08-16,53.9
2011-08-17,53.58
2011-08-18,50.95
2011-08-19,50.03
2011-08-22,50.21
2011-08-23,52.28
2011-08-24,52.69
2011-08-25,51.83
2011-08-26,53.13
2011-08-29,54.61
2011-08-30,54.97
2011-08-31,55.06
2011-09-01,54.56
2011-09-02,53.28
2011-09-06,53.29
2011-09-07,54.64
2011-09-08,54.39
2011-09-09,53.18
2011-09-12,53.86
2011-09-13,54.58
2011-09-14,55.36
2011-09-15,56.18
2011-09-16,56.59
2011-09-19,56.61
2011-09-20,56.36
2011-09-21,55.38
2011-09-22,53.58
2011-09-23,54.15
2011-09-26,54.78
2011-09-27,55.35
2011-09-28,54.53
2011-09-29,53.88
2011-09-30,52.49
2011-10-03,51.14
2011-10-04,52.19
2011-10-05,53.53
2011-10-06,54.43
2011-10-07,54.07
2011-10-10,55.94
2011-10-11,56.32
2011-10-12,56.6
2011-10-13,57.12
2011-10-14,58.18
2011-10-17,57.28
2011-10-18,57.99
2011-10-19,56.87
2011-10-20,56.59
2011-10-21,57.3
2011-10-24,58.49
2011-10-25,57.34
2011-10-26,57.27
2011-10-27,58.85
2011-10-28,58.94
2011-10-31,57.95
2011-11-01,56.44
2011-11-02,56.92
2011-11-03,58.1
2011-11-04,57.8
2011-11-07,58.21
2011-11-08,58.88
2011-11-09,56.81
2011-11-10,56.78
2011-11-11,57.85
2011-11-14,57.49
2011-11-15,58.13
2011-11-16,57.17
2011-11-17,55.83
2011-11-18,55.4
2011-11-21,54.34
2011-11-22,54.52
2011-11-23,53.29
2011-11-25,52.88
2011-11-28,54.72
2011-11-29,54.38
2011-11-30,56.39
2011-12-01,56.78
2011-12-02,56.62
2011-12-05,57.24
2011-12-06,57.08
2011-12-07,57.08
2011-12-08,56.12
2011-12-09,57.02
2011-12-12,56.38
2011-12-13,55.76
2011-12-14,54.89
2011-12-15,54.74
2011-12-16,54.86
2011-12-19,54.32
2011-12-20,55.93
2011-12-21,55.13
2011-12-22,55.6
2011-12-23,56.08
2011-12-27,56.24
2011-12-28,55.59
2011-12-29,55.99
2011-12-30,55.83
2012-01-03,56.9
2012-01-04,57.14
2012-01-05,57.61
2012-01-06,57.81
2012-01-09,57.62
2012-01-10,58.04
2012-01-11,58.16
2012-01-12,58.39
2012-01-13,58.18
2012-01-17,58.71
2012-01-18,59.49
2012-01-19,59.86
2012-01-20,59.77
2012-01-23,59.79
2012-01-24,59.68
2012-01-25,60.43
2012-01-26,60.22
2012-01-27,60.4
2012-01-30,60.45
2012-01-31,60.53
2012-02-01,61.02
2012-02-02,61.21
2012-02-03,62.05
2012-02-06,62.0
2012-02-07,62.13
2012-02-08,62.46
2012-02-09,62.91
2012-02-10,62.47
2012-02-13,63.05
2012-02-14,63.21
2012-02-15,62.77
2012-02-16,63.63
2012-02-17,63.43
2012-02-21,63.61
2012-02-22,63.32
2012-02-23,63.74
2012-02-24,63.96
2012-02-27,64.05
2012-02-28,64.7
2012-02-29,64.41
2012-03-01,64.92
2012-03-02,64.87
2012-03-05,64.2
2012-03-06,63.57
2012-03-07,64.06
2012-03-08,64.75
2012-03-09,65.02
2012-03-12,65.05
2012-03-13,66.26
2012-03-14,66.49
2012-03-15,66.68
2012-03-16,66.52
2012-03-19,66.99
2012-03-20,67.11
2012-03-21,67.12
2012-03-22,66.98
2012-03-23,66.94
2012-03-26,68.11
2012-03-27,68.21
2012-03-28,67.94
2012-03-29,67.68
2012-03-30,67.55
2012-04-02,68.25
2012-04-03,68.23
2012-04-04,67.3
2012-04-05,67.72
2012-04-09,67.21
2012-04-10,66.13
2012-04-11,66.45
2012-04-12,67.21
2012-04-13,66.19
2012-04-16,65.45
2012-04-17,66.78
2012-04-18,66.61
2012-04-19,65.86
2012-04-20,65.68
2012-04-23,65.08
2012-04-24,64.73
2012-04-25,66.45
2012-04-26,66.84
2012-04-27,67.24
2012-04-30,66.76
2012-05-01,66.87
2012-05-02,67.06
2012-05-03,66.35
2012-05-04,64.7
2012-05-07,64.76
2012-05-08,64.52
2012-05-09,64.32
2012-05-10,64.19
2012-05-11,64.18
2012-05-14,63.58
2012-05-15,63.37
2012-05-16,62.94
2012-05-17,61.61
2012-05-18,60.81
2012-05-21,62.51
2012-05-22,62.44
2012-05-23,62.56
2012-05-24,62.15
2012-05-25,62.07
2012-05-29,62.86
2012-05-30,62.33
2012-05-31,62.06
2012-06-01,60.41
2012-06-04,60.87
2012-06-05,61.12
2012-06-06,62.52
2012-06-07,62.27
2012-06-08,62.87
2012-06-11,61.81
2012-06-12,62.56
2012-06-13,62.13
2012-06-14,62.36
2012-06-15,62.99
2012-06-18,63.58
2012-06-19,64.24
2012-06-20,64.29
2012-06-21,62.69
2012-06-22,63.35
2012-06-25,62.13
2012-06-26,62.52
2012-06-27,62.9
2012-06-28,62.2
2012-06-29,64.16
2012-07-02,64.35
2012-07-03,64.89
2012-07-05,64.93
2012-07-06,64.12
2012-07-09,64.0
2012-07-10,63.37
2012-07-11,63.02
2012-07-12,62.43
2012-07-13,63.38
2012-07-16,63.2
2012-07-17,63.53
2012-07-18,64.39
2012-07-19,65.1
2012-07-20,64.24
2012-07-23,63.46
2012-07-24,62.96
2012-07-25,62.54
2012-07-26,63.37
2012-07-27,64.87
2012-07-30,64.82
2012-07-31,64.8
2012-08-01,64.61
2012-08-02,64.38
2012-08-03,65.6
2012-08-06,66.1
2012-08-07,66.65
2012-08-08,66.62
2012-08-09,66.82
2012-08-10,66.86
2012-08-13,67.02
2012-08-14,67.05
2012-08-15,67.22
2012-08-16,68.02
2012-08-17,68.32
2012-08-20,68.42
2012-08-21,68.15
2012-08-22,68.43
2012-08-23,67.87
2012-08-24,68.29
2012-08-27,68.4
2012-08-28,68.4
2012-08-29,68.4
2012-08-30,67.71
2012-08-31,68.16
2012-09-04,68.09
2012-09-05,68.02
2012-09-06,69.53
2012-09-07,69.43
2012-09-10,68.54
2012-09-11,68.43
2012-09-12,68.63
2012-09-13,69.56
2012-09-14,70.18
2012-09-17,70.21
2012-09-18,70.27
2012-09-19,70.4
2012-09-20,70.33
2012-09-21,70.15
2012-09-24,69.74
2012-09-25,68.76
2012-09-26,68.2
2012-09-27,69.14
2012-09-28,68.57
2012-10-01,68.47
2012-10-02,68.67
2012-10-03,69.11
2012-10-04,69.35
2012-10-05,68.98
2012-10-08,68.35
2012-10-09,67.26
2012-10-10,66.92
2012-10-11,66.71
2012-10-12,66.68
2012-10-15,67.17
2012-10-16,68.12
2012-10-17,68.08
2012-10-18,67.29
2012-10-19,65.68
2012-10-22,66.02
2012-10-23,65.39
2012-10-24,65.16
2012-10-25,65.16
2012-10-26,65.35
2012-10-31,64.95
2012-11-01,65.87
2012-11-02,65.17
2012-11-05,65.6
2012-11-06,65.72
2012-11-07,64.17
2012-11-08,63.16
2012-11-09,63.43
2012-11-12,63.42
2012-11-13,62.98
2012-11-14,62.24
2012-11-15,62.03
2012-11-16,62.3
2012-11-19,63.78
2012-11-20,63.8
2012-11-21,63.93
2012-11-23,64.9
2012-11-26,65.18
2012-11-27,64.96
2012-11-28,65.52
2012-11-29,65.91
2012-11-30,65.8
2012-12-03,65.67
2012-12-04,65.63
2012-12-05,64.9
2012-12-06,65.32
2012-12-07,64.93
2012-12-10,65.12
2012-12-11,65.97
2012-12-12,65.83
2012-12-13,65.31
2012-12-14,64.69
2012-12-17,65.55
2012-12-18,66.55
2012-12-19,66.26
2012-12-20,66.26
2012-12-21,65.2
2012-12-24,65.07
2012-12-26,64.5
2012-12-27,64.4
2012-12-28,63.78
2012-12-31,65.13
2013-01-02,67.2
2013-01-03,66.85
2013-01-04,66.63
2013-01-07,66.65
2013-01-08,66.52
2013-01-09,66.77
2013-01-10,67.17
2013-01-11,67.26
2013-01-14,66.96
2013-01-15,66.63
2013-01-16,66.9
2013-01-17,67.22
2013-01-18,67.07
2013-01-22,67.18
2013-01-23,67.59
2013-01-24,66.66
2013-01-25,67.0
2013-01-28,67.15
2013-01-29,67.16
2013-01-30,67.02
2013-01-31,66.87
2013-02-01,67.66
2013-02-04,66.48
2013-02-05,67.46
2013-02-06,67.24
2013-02-07,67.3
2013-02-08,67.99
2013-02-11,68.01
2013-02-12,67.73
2013-02-13,67.97
2013-02-14,67.95
2013-02-15,67.75
2013-02-19,68.24
2013-02-20,67.19
2013-02-21,66.47
2013-02-22,67.14
2013-02-25,66.31
2013-02-26,66.56
2013-02-27,67.24
2013-02-28,67.1
2013-03-01,67.38
2013-03-04,67.68
2013-03-05,68.68
2013-03-06,68.51
2013-03-07,68.69
2013-03-08,68.77
2013-03-11,68.97
2013-03-12,68.72
2013-03-13,68.63
2013-03-14,68.86
2013-03-15,68.51
2013-03-18,68.36
2013-03-19,68.23
2013-03-20,68.71
2013-03-21,67.93
2013-03-22,68.59
2013-03-25,68.34
2013-03-26,68.71
2013-03-27,68.8
2013-03-28,68.97
2013-04-01,68.5
2013-04-02,69.04
2013-04-03,68.41
2013-04-04,68.43
2013-04-05,67.86
2013-04-08,68.22
2013-04-09,68.68
2013-04-10,70.02
2013-04-11,69.99
2013-04-12,69.94
2013-04-15,68.56
2013-04-16,69.47
2013-04-17,68.11
2013-04-18,67.17
2013-04-19,68.09
2013-04-22,68.79
2013-04-23,69.45
2013-04-24,69.42
2013-04-25,69.79
2013-04-26,69.57
2013-04-29,70.21
2013-04-30,70.72
2013-05-01,70.39
2013-05-02,71.28
2013-05-03,72.12
2013-05-06,72.4
2013-05-07,72.36
2013-05-08,72.71
2013-05-09,72.61
2013-05-10,73.05
2013-05-13,73.14
2013-05-14,73.52
2013-05-15,73.67
2013-05-16,73.59
2013-05-17,74.3
2013-05-20,74.19
2013-05-21,74.27
2013-05-22,73.62
2013-05-23,73.45
2013-05-24,73.41
2013-05-28,73.89
2013-05-29,73.54
2013-05-30,73.93
2013-05-31,73.25
2013-06-03,73.38
2013-06-04,73.0
2013-06-05,72.05
2013-06-06,72.4
2013-06-07,73.39
2013-06-10,73.42
2013-06-11,72.69
2013-06-12,71.85
2013-06-13,72.76
2013-06-14,72.28
2013-06-17,72.98
2013-06-18,73.58
2013-06-19,72.76
2013-06-20,71.03
2013-06-21,70.43
2013-06-24,69.73
2013-06-25,70.24
2013-06-26,70.87
2013-06-27,71.17
2013-06-28,71.27
2013-07-01,71.71
2013-07-02,71.74
2013-07-03,72.03
2013-07-05,72.58
2013-07-08,72.65
2013-07-09,73.09
2013-07-10,73.51
2013-07-11,74.97
2013-07-12,75.3
2013-07-15,75.47
2013-07-16,75.37
2013-07-17,75.56
2013-07-18,75.37
2013-07-19,74.59
2013-07-22,74.81
2013-07-23,74.26
2013-07-24,74.5
2013-07-25,74.97
2013-07-26,75.37
2013-07-29,75.23
2013-07-30,75.63
2013-07-31,75.77
2013-08-01,76.54
2013-08-02,76.97
2013-08-05,77.02
2013-08-06,76.56
2013-08-07,76.42
2013-08-08,76.8
2013-08-09,76.49
2013-08-12,76.67
2013-08-13,77.1
2013-08-14,76.81
2013-08-15,75.51
2013-08-16,75.49
2013-08-19,75.35
2013-08-20,75.68
2013-08-21,75.42
2013-08-22,76.16
2013-08-23,76.67
2013-08-26,76.71
2013-08-27,75.14
2013-08-28,75.43
2013-08-29,75.96
2013-08-30,75.47
2013-09-03,75.9
2013-09-04,76.71
2013-09-05,76.84
2013-09-06,76.93
2013-09-09,77.83
2013-09-10,78.21
2013-09-11,78.06
2013-09-12,78.01
2013-09-13,78.06
2013-09-16,77.85
2013-09-17,78.37
2013-09-18,79.31
2013-09-19,79.5
2013-09-20,78.99
2013-09-23,78.83
2013-09-24,78.83
2013-09-25,78.56
2013-09-26,79.17
2013-09-27,79.07
2013-09-30,78.88
2013-10-01,79.68
2013-10-02,79.65
2013-10-03,78.72
2013-10-04,79.4
2013-10-07,78.74
2013-10-08,77.22
2013-10-09,76.98
2013-10-10,78.61
2013-10-11,79.23
2013-10-14,79.79
2013-10-15,79.48
2013-10-16,80.38
2013-10-17,80.84
2013-10-18,82.15
2013-10-21,82.33
2013-10-22,82.45
2013-10-23,81.95
2013-10-24,82.31
2013-10-25,82.9
2013-10-28,82.92
2013-10-29,83.06
2013-10-30,82.98
2013-10-31,82.79
2013-11-01,82.81
2013-11-04,82.93
2013-11-05,83.02
2013-11-06,83.0
2013-11-07,81.44
2013-11-08,82.54
2013-11-11,82.41
2013-11-12,82.54
2013-11-13,83.54
2013-11-14,83.8
2013-11-15,83.96
2013-11-18,83.14
2013-11-19,82.9
2013-11-20,82.7
2013-11-21,83.54
2013-11-22,83.99
2013-11-25,84.19
2013-11-26,84.63
2013-11-27,85.22
2013-11-29,85.73
2013-12-02,85.48
2013-12-03,85.41
2013-12-04,85.49
2013-12-05,85.38
2013-12-06,86.0
2013-12-09,86.35
2013-12-10,86.29
2013-12-11,85.18
2013-12-12,84.96
2013-12-13,84.85
2013-12-16,85.32
2013-12-17,85.15
2013-12-18,86.14
2013-12-19,85.9
2013-12-20,86.5
2013-12-23,87.41
2013-12-24,87.45
2013-12-26,87.74
2013-12-27,87.52
2013-12-30,87.39
2013-12-31,87.96
2014-01-02,87.27
2014-01-03,86.64
2014-01-06,86.32
2014-01-07,87.12
2014-01-08,87.31
2014-01-09,87.02
2014-01-10,87.3
2014-01-13,86.01
2014-01-14,87.65
2014-01-15,88.37
2014-01-16,88.38
2014-01-17,87.88
2014-01-21,88.55
2014-01-22,88.78
2014-01-23,88.48
2014-01-24,86.74
2014-01-27,85.9
2014-01-28,85.85
2014-01-29,84.93
2014-01-30,86.5
2014-01-31,86.27
2014-02-03,84.29
2014-02-04,84.91
2014-02-05,84.69
2014-02-06,85.77
2014-02-07,87.3
2014-02-10,87.8
2014-02-11,88.8
2014-02-12,88.97
2014-02-13,89.63
2014-02-14,89.81
2014-02-18,90.25
2014-02-19,89.63
2014-02-20,90.05
2014-02-21,89.93
2014-02-24,90.41
2014-02-25,90.31
2014-02-26,90.23
2014-02-27,90.44
2014-02-28,90.34
2014-03-03,89.67
2014-03-04,90.81
2014-03-05,91.06
2014-03-06,90.98
2014-03-07,90.53
2014-03-10,90.61
2014-03-11,90.22
2014-03-12,90.56
2014-03-13,89.28
2014-03-14,88.67
2014-03-17,89.45
2014-03-18,90.53
2014-03-19,90.04
2014-03-20,90.29
2014-03-21,89.0
2014-03-24,88.22
2014-03-25,88.51
2014-03-26,87.37
2014-03-27,86.88
2014-03-28,87.05
2014-03-31,87.67
2014-04-01,89.21
2014-04-02,89.44
2014-04-03,88.73
2014-04-04,86.37
2014-04-07,85.55
2014-04-08,86.34
2014-04-09,87.82
2014-04-10,85.1
2014-04-11,84.11
2014-04-14,84.77
2014-04-15,85.05
2014-04-16,86.18
2014-04-17,86.2
2014-04-21,86.84
2014-04-22,87.53
2014-04-23,86.76
2014-04-24,87.59
2014-04-25,86.19
2014-04-28,86.47
2014-04-29,87.16
2014-04-30,87.39
2014-05-01,87.65
2014-05-02,87.49
2014-05-05,87.95
2014-05-06,86.81
2014-05-07,86.56
2014-05-08,86.48
2014-05-09,86.8
2014-05-12,88.23
2014-05-13,88.29
2014-05-14,87.83
2014-05-15,87.14
2014-05-16,87.71
2014-05-19,88.32
2014-05-20,88.0
2014-05-21,88.84
2014-05-22,89.23
2014-05-23,89.88
2014-05-27,91.0
2014-05-28,90.72
2014-05-29,91.3
2014-05-30,91.31
2014-06-02,91.22
2014-06-03,91.18
2014-06-04,91.52
2014-06-05,92.29
2014-06-06,92.82
2014-06-09,92.75
2014-06-10,92.91
2014-06-11,92.89
2014-06-12,92.05
2014-06-13,92.32
2014-06-16,92.4
2014-06-17,92.45
2014-06-18,92.97
2014-06-19,92.91
2014-06-20,92.77
2014-06-23,92.79
2014-06-24,92.7
2014-06-25,93.29
2014-06-26,93.34
2014-06-27,93.75
2014-06-30,93.91
2014-07-01,94.94
2014-07-02,95.1
2014-07-03,95.7
2014-07-07,95.41
2014-07-08,94.26
2014-07-09,94.96
2014-07-10,94.66
2014-07-11,95.27
2014-07-14,95.84
2014-07-15,95.51
2014-07-16,95.89
2014-07-17,94.62
2014-07-18,96.12
2014-07-21,96.0
2014-07-22,96.61
2014-07-23,97.23
2014-07-24,97.12
2014-07-25,96.74
2014-07-28,96.77
2014-07-29,96.6
2014-07-30,96.98
2014-07-31,95.02
2014-08-01,94.67
2014-08-04,95.32
2014-08-05,94.59
2014-08-06,94.52
2014-08-07,94.22
2014-08-08,94.9
2014-08-11,95.46
2014-08-12,95.42
2014-08-13,96.43
2014-08-14,96.93
2014-08-15,97.4
2014-08-18,98.15
2014-08-19,98.7
2014-08-20,98.7
2014-08-21,98.9
2014-08-22,99.05
2014-08-25,99.4
2014-08-26,99.5
2014-08-27,99.52
2014-08-28,99.41
2014-08-29,99.78
2014-09-02,100.07
2014-09-03,99.48
2014-09-04,99.39
2014-09-05,99.89
2014-09-08,100.08
2014-09-09,99.25
2014-09-10,100.07
2014-09-11,99.99
2014-09-12,99.48
2014-09-15,98.52
2014-09-16,99.38
2014-09-17,99.53
2014-09-18,100.28
2014-09-19,99.98
2014-09-22,99.05
2014-09-23,98.78
2014-09-24,99.84
2014-09-25,97.74
2014-09-26,98.78
2014-09-29,98.65
2014-09-30,98.79
2014-10-01,97.21
2014-10-02,97.21
2014-10-03,98.17
2014-10-06,97.96
2014-10-07,96.57
2014-10-08,98.45
2014-10-09,96.86
2014-10-10,94.44
2014-10-13,92.96
2014-10-14,92.97
2014-10-15,92.37
2014-10-16,91.79
2014-10-17,93.0
2014-10-20,94.39
2014-10-21,96.87
2014-10-22,96.37
2014-10-23,97.82
2014-10-24,98.62
2014-10-27,98.69
2014-10-28,100.18
2014-10-29,99.81
2014-10-30,100.02
2014-10-31,101.4
2014-11-03,101.7
2014-11-04,101.36
2014-11-05,101.37
2014-11-06,101.69
2014-11-07,101.6
2014-11-10,101.96
2014-11-11,102.28
2014-11-12,102.46
2014-11-13,102.9
2014-11-14,103.22
2014-11-17,102.91
2014-11-18,103.68
2014-11-19,103.21
2014-11-20,103.67
2014-11-21,103.87
2014-11-24,104.68
2014-11-25,104.84
2014-11-26,105.52
2014-11-28,106.01
2014-12-01,104.81
2014-12-02,105.23
2014-12-03,105.42
2014-12-04,105.37
2014-12-05,105.38
2014-12-08,104.63
2014-12-09,104.96
2014-12-10,103.31
2014-12-11,103.8
2014-12-12,102.67
2014-12-15,101.61
2014-12-16,99.98
2014-12-17,101.8
2014-12-18,104.25
2014-12-19,104.32
2014-12-22,104.58
2014-12-23,104.21
2014-12-24,104.3
2014-12-26,105.04
2014-12-29,105.02
2014-12-30,104.32
2014-12-31,103.25
2015-01-02,102.94
2015-01-05,101.43
2015-01-06,100.07
2015-01-07,101.36
2015-01-08,103.3
2015-01-09,102.62
2015-01-12,101.55
2015-01-13,101.52
2015-01-14,100.96
2015-01-15,99.65
2015-01-16,100.82
2015-01-20,101.62
2015-01-21,102.14
2015-01-22,104.03
2015-01-23,104.26
2015-01-26,104.14
2015-01-27,101.44
2015-01-28,100.92
2015-01-29,101.89
2015-01-30,101.1
2015-02-02,101.98
2015-02-03,102.96
2015-02-04,102.87
2015-02-05,103.76
2015-02-06,103.13
2015-02-09,102.8
2015-02-10,104.4
2015-02-11,104.78
2015-02-12,106.0
2015-02-13,106.91
2015-02-17,107.01
2015-02-18,107.16
2015-02-19,107.69
2015-02-20,108.41
2015-02-23,108.52
2015-02-24,108.6
2015-02-25,108.33
2015-02-26,108.88
2015-02-27,108.4
2015-03-02,109.38
2015-03-03,108.87
2015-03-04,108.45
2015-03-05,108.64
2015-03-06,107.41
2015-03-09,107.72
2015-03-10,105.72
2015-03-11,105.11
2015-03-12,105.8
2015-03-13,105.34
2015-03-16,106.7
2015-03-17,106.87
2015-03-18,107.92
2015-03-19,108.08
2015-03-20,108.53
2015-03-23,108.32
2015-03-24,107.93
2015-03-25,105.46
2015-03-26,105.1
2015-03-27,105.52
2015-03-30,106.73
2015-03-31,105.6
2015-04-01,105.05
2015-04-02,105.12
2015-04-06,105.98
2015-04-07,105.8
2015-04-08,106.64
2015-04-09,107.31
2015-04-10,107.75
2015-04-13,107.48
2015-04-14,107.17
2015-04-15,107.84
2015-04-16,107.69
2015-04-17,106.01
2015-04-20,107.6
2015-04-21,108.06
2015-04-22,108.65
2015-04-23,109.06
2015-04-24,110.54
2015-04-27,110.26
2015-04-28,110.04
2015-04-29,109.35
2015-04-30,107.63
2015-05-01,109.05
2015-05-04,109.23
2015-05-05,107.45
2015-05-06,106.71
2015-05-07,107.35
2015-05-08,108.69
2015-05-11,108.27
2015-05-12,107.78
2015-05-13,108.0
2015-05-14,109.58
2015-05-15,109.58
2015-05-18,110.06
2015-05-19,109.94
2015-05-20,110.01
2015-05-21,110.58
2015-05-22,110.47
2015-05-26,109.2
2015-05-27,110.96
2015-05-28,110.71
2015-05-29,110.05
2015-06-01,110.42
2015-06-02,110.07
2015-06-03,110.4
2015-06-04,109.56
2015-06-05,109.3
2015-06-08,108.19
2015-06-09,108.01
2015-06-10,109.49
2015-06-11,109.65
2015-06-12,108.75
2015-06-15,108.21
2015-06-16,108.8
2015-06-17,109.1
2015-06-18,110.69
2015-06-19,109.89
2015-06-22,110.7
2015-06-23,110.79
2015-06-24,110.22
2015-06-25,110.0
2015-06-26,109.27
2015-06-29,106.69
2015-06-30,107.07
2015-07-01,107.92
2015-07-02,107.95
2015-07-06,107.7
2015-07-07,107.97
2015-07-08,106.09
2015-07-09,106.03
2015-07-10,107.65
2015-07-13,109.54
2015-07-14,110.26
2015-07-15,110.38
2015-07-16,111.94
2015-07-17,113.59
2015-07-20,113.98
2015-07-21,113.91
2015-07-22,112.62
2015-07-23,112.2
2015-07-24,111.1
2015-07-27,110.18
2015-07-28,111.13
2015-07-29,111.55
2015-07-30,112.08
2015-07-31,111.95
2015-08-03,111.6
2015-08-04,111.39
2015-08-05,112.25
2015-08-06,110.45
2015-08-07,110.31
2015-08-10,111.57
2015-08-11,110.14
2015-08-12,110.52
2015-08-13,110.34
2015-08-14,110.51
2015-08-17,111.43
2015-08-18,110.86
2015-08-19,110.13
2015-08-20,107.08
2015-08-21,102.4
2015-08-24,98.46
2015-08-25,98.09
2015-08-26,103.03
2015-08-27,105.64
2015-08-28,105.62
2015-08-31,104.31
2015-09-01,101.05
2015-09-02,103.9
2015-09-03,103.39
2015-09-04,102.16
2015-09-08,105.04
2015-09-09,103.86
2015-09-10,104.99
2015-09-11,105.57
2015-09-14,105.25
2015-09-15,106.49
2015-09-16,107.09
2015-09-17,107.13
2015-09-18,105.35
2015-09-21,105.68
2015-09-22,104.1
2015-09-23,104.18
2015-09-24,103.8
2015-09-25,102.92
2015-09-28,99.99
2015-09-29,99.47
2015-09-30,101.76
2015-10-01,102.22
2015-10-02,104.01
2015-10-05,105.5
2015-10-06,105.0
2015-10-07,105.63
2015-10-08,106.05
2015-10-09,106.53
2015-10-12,106.79
2015-10-13,106.1
2015-10-14,105.93
2015-10-15,107.67
2015-10-16,108.12
2015-10-19,108.74
2015-10-20,108.18
2015-10-21,107.52
2015-10-22,109.71
2015-10-23,112.78
2015-10-26,112.85
2015-10-27,113.08
2015-10-28,114.02
2015-10-29,113.84
2015-10-30,113.33
2015-11-02,114.61
2015-11-03,115.01
2015-11-04,115.02
2015-11-05,114.71
2015-11-06,114.79
2015-11-09,113.57
2015-11-10,113.28
2015-11-11,113.14
2015-11-12,112.04
2015-11-13,109.84
2015-11-16,111.42
2015-11-17,111.49
2015-11-18,113.63
2015-11-19,113.71
2015-11-20,114.48
2015-11-23,114.15
2015-11-24,114.05
2015-11-25,114.15
2015-11-27,114.31
2015-11-30,114.02
2015-12-01,115.16
2015-12-02,114.45
2015-12-03,112.51
2015-12-04,115.14
2015-12-07,114.62
2015-12-08,114.63
2015-12-09,112.89
2015-12-10,113.4
2015-12-11,110.79
2015-12-14,111.63
2015-12-15,112.31
2015-12-16,113.98
2015-12-17,112.32
2015-12-18,109.83
2015-12-21,111.05
2015-12-22,111.78
2015-12-23,112.61
2015-12-24,112.59
2015-12-28,112.53
2015-12-29,114.3
2015-12-30,113.27
2015-12-31,111.86
2016-01-04,109.5
2016-01-05,109.31
2016-01-06,108.26
2016-01-07,104.87
2016-01-08,104.01
2016-01-11,104.33
2016-01-12,105.54
2016-01-13,101.9
2016-01-14,104.07
2016-01-15,100.84
2016-01-19,101.06
2016-01-20,100.75
2016-01-21,100.85
2016-01-22,103.77
2016-01-25,102.23
2016-01-26,103.15
2016-01-27,100.58
2016-01-28,102.0
2016-01-29,104.13
2016-02-01,104.41
2016-02-02,102.15
2016-02-03,101.66
2016-02-04,101.65
2016-02-05,98.12
2016-02-08,96.62
2016-02-09,96.32
2016-02-10,96.69
2016-02-11,96.55
2016-02-12,98.02
2016-02-16,100.23
2016-02-17,102.5
2016-02-18,101.33
2016-02-19,101.63
2016-02-22,103.28
2016-02-23,101.58
2016-02-24,102.55
2016-02-25,103.56
2016-02-26,103.43
2016-02-29,102.5
2016-03-01,105.79
2016-03-02,105.83
2016-03-03,105.63
2016-03-04,105.67
2016-03-07,105.02
2016-03-08,104.15
2016-03-09,104.82
2016-03-10,104.66
2016-03-11,106.49
2016-03-14,106.67
2016-03-15,106.63
2016-03-16,107.58
2016-03-17,107.52
2016-03-18,107.37
2016-03-21,107.79
2016-03-22,108.12
2016-03-23,107.23
2016-03-24,107.26
2016-03-28,107.11
2016-03-29,108.83
2016-03-30,109.36
2016-03-31,109.2
2016-04-01,110.36
2016-04-04,109.94
2016-04-05,108.88
2016-04-06,110.67
2016-04-07,109.08
2016-04-08,109.0
2016-04-11,108.6
2016-04-12,109.51
2016-04-13,110.91
2016-04-14,110.92
2016-04-15,110.64
2016-04-18,111.23
2016-04-19,110.55
2016-04-20,110.64
2016-04-21,110.65
2016-04-22,108.98
2016-04-25,108.98
2016-04-26,108.45
2016-04-27,107.58
2016-04-28,106.28
2016-04-29,105.72
2016-05-02,106.72
2016-05-03,105.73
2016-05-04,105.05
2016-05-05,105.02
2016-05-06,105.58
2016-05-09,105.88
2016-05-10,107.33
2016-05-11,106.36
2016-05-12,105.89
2016-05-13,105.5
2016-05-16,106.82
2016-05-17,105.48
2016-05-18,105.86
2016-05-19,105.31
2016-05-20,106.47
2016-05-23,106.33
2016-05-24,108.46
2016-05-25,109.24
2016-05-26,109.56
2016-05-27,110.13
2016-05-31,110.34
2016-06-01,110.35
2016-06-02,110.58
2016-06-03,110.06
2016-06-06,110.46
2016-06-07,110.18
2016-06-08,110.37
2016-06-09,110.19
2016-06-10,108.94
2016-06-13,108.03
2016-06-14,108.03
2016-06-15,107.72
2016-06-16,108.04
2016-06-17,106.49
2016-06-20,107.16
2016-06-21,107.5
2016-06-22,107.24
2016-06-23,108.77
2016-06-24,104.29
2016-06-27,102.22
2016-06-28,104.46
2016-06-29,106.31
2016-06-30,107.54
2016-07-01,108.08
2016-07-05,107.42
2016-07-06,108.3
2016-07-07,108.62
2016-07-08,110.3
2016-07-11,110.93
2016-07-12,111.49
2016-07-13,111.22
2016-07-14,111.98
2016-07-15,111.8
2016-07-18,112.54
2016-07-19,112.13
2016-07-20,113.44
2016-07-21,113.18
2016-07-22,113.65
2016-07-25,113.66
2016-07-26,113.79
2016-07-27,114.58
2016-07-28,114.98
2016-07-29,115.23
2016-08-01,115.84
2016-08-02,114.96
2016-08-03,115.34
2016-08-04,115.67
2016-08-05,116.78
2016-08-08,116.65
2016-08-09,116.92
2016-08-10,116.62
2016-08-11,117.12
2016-08-12,117.2
2016-08-15,117.7
2016-08-16,117.05
2016-08-17,117.26
2016-08-18,117.29
2016-08-19,117.26
2016-08-22,117.35
2016-08-23,117.56
2016-08-24,116.8
2016-08-25,116.61
2016-08-26,116.78
2016-08-29,116.94
2016-08-30,116.56
2016-08-31,116.44
2016-09-01,116.74
2016-09-02,117.12
2016-09-06,117.85
2016-09-07,117.92
2016-09-08,117.23
2016-09-09,114.28
2016-09-12,116.33
2016-09-13,115.29
2016-09-14,115.84
2016-09-15,117.64
2016-09-16,117.29
2016-09-19,116.78
2016-09-20,117.0
2016-09-21,118.15
2016-09-22,119.09
2016-09-23,118.33
2016-09-26,117.34
2016-09-27,118.5
2016-09-28,118.7
2016-09-29,117.84
2016-09-30,118.72
2016-10-03,118.55
2016-10-04,118.37
2016-10-05,118.79
2016-10-06,118.73
2016-10-07,118.47
2016-10-10,119.22
2016-10-11,117.52
2016-10-12,117.42
2016-10-13,117.0
2016-10-14,117.14
2016-10-17,116.82
2016-10-18,117.86
2016-10-19,117.85
2016-10-20,117.71
2016-10-21,118.15
2016-10-24,119.57
2016-10-25,119.19
2016-10-26,118.38
2016-10-27,117.84
2016-10-28,117.1
2016-10-31,116.99
2016-11-01,116.11
2016-11-02,115.18
2016-11-03,114.05
2016-11-04,113.65
2016-11-07,116.35
2016-11-08,117.11
2016-11-09,117.65
2016-11-10,115.75
2016-11-11,115.8
2016-11-14,114.63
2016-11-15,116.22
2016-11-16,116.91
2016-11-17,117.76
2016-11-18,117.32
2016-11-21,118.54
2016-11-22,118.9
2016-11-23,118.42
2016-11-25,118.8
2016-11-28,118.53
2016-11-29,118.94
2016-11-30,117.5
2016-12-01,115.47
2016-12-02,115.7
2016-12-05,116.6
2016-12-06,116.88
2016-12-07,118.36
2016-12-08,118.57
2016-12-09,119.5
2016-12-12,118.96
2016-12-13,120.46
2016-12-14,120.21
2016-12-15,120.4
2016-12-16,119.6
2016-12-19,120.09
2016-12-20,120.55
2016-12-21,120.46
2016-12-22,120.12
2016-12-23,120.2
2016-12-27,120.82
2016-12-28,119.88
2016-12-29,119.71
2016-12-30,118.48
2017-01-03,119.54
2017-01-04,120.19
2017-01-05,120.87
2017-01-06,121.93
2017-01-09,122.33
2017-01-10,122.6
2017-01-11,122.93
2017-01-12,122.74
2017-01-13,123.16
2017-01-17,122.79
2017-01-18,123.04
2017-01-19,122.98
2017-01-20,123.25
2017-01-23,123.35
2017-01-24,124.18
2017-01-25,125.43
2017-01-26,125.56
2017-01-27,125.8
2017-01-30,124.82
2017-01-31,124.57
2017-02-01,125.43
2017-02-02,125.32
2017-02-03,125.68
2017-02-06,125.83
2017-02-07,126.29
2017-02-08,126.5
2017-02-09,126.96
2017-02-10,127.38
2017-02-13,128.1
2017-02-14,128.53
2017-02-15,129.29
2017-02-16,129.25
2017-02-17,129.81
2017-02-21,130.45
2017-02-22,130.5
2017-02-23,130.01
2017-02-24,130.26
2017-02-27,130.42
2017-02-28,130.02
2017-03-01,131.44
2017-03-02,130.78
2017-03-03,131.02
2017-03-06,130.73
2017-03-07,130.51
2017-03-08,130.74
2017-03-09,130.84
2017-03-10,131.39
2017-03-13,131.61
2017-03-14,131.29
2017-03-15,132.1
2017-03-16,132.01
2017-03-17,131.69
2017-03-20,131.81
2017-03-21,129.81
2017-03-22,130.69
2017-03-23,130.36
2017-03-24,130.63
2017-03-27,130.84
2017-03-28,131.64
2017-03-29,132.25
2017-03-30,132.47
2017-03-31,132.38
2017-04-03,132.3
2017-04-04,132.51
2017-04-05,131.97
2017-04-06,132.04
2017-04-07,131.97
2017-04-10,132.02
2017-04-11,131.45
2017-04-12,130.92
2017-04-13,130.4
2017-04-17,131.48
2017-04-18,131.28
2017-04-19,131.49
2017-04-20,132.59
2017-04-21,132.56
2017-04-24,134.16
2017-04-25,135.13
2017-04-26,134.94
2017-04-27,135.75
2017-04-28,135.99
2017-05-01,137.2
2017-05-02,137.43
2017-05-03,136.99
2017-05-04,137.04
2017-05-05,137.54
2017-05-08,137.84
2017-05-09,138.32
2017-05-10,138.4
2017-05-11,138.29
2017-05-12,138.6
2017-05-15,139.04
2017-05-16,139.62
2017-05-17,136.07
2017-05-18,137.26
2017-05-19,137.84
2017-05-22,139.0
2017-05-23,139.14
2017-05-24,139.78
2017-05-25,140.97
2017-05-26,141.22
2017-05-30,141.34
2017-05-31,141.29
2017-06-01,141.84
2017-06-02,143.46
2017-06-05,143.43
2017-06-06,142.86
2017-06-07,143.42
2017-06-08,143.57
2017-06-09,139.98
2017-06-12,139.23
2017-06-13,140.36
2017-06-14,139.75
2017-06-15,139.13
2017-06-16,138.15
2017-06-19,140.46
2017-06-20,139.36
2017-06-21,140.74
2017-06-22,140.7
2017-06-23,141.24
2017-06-26,140.58
2017-06-27,138.03
2017-06-28,140.02
2017-06-29,137.59
2017-06-30,137.64
2017-07-03,136.19
2017-07-05,137.53
2017-07-06,136.29
2017-07-07,137.76
2017-07-10,138.66
2017-07-11,139.05
2017-07-12,140.7
2017-07-13,141.01
2017-07-14,142.12
2017-07-17,142.19
2017-07-18,143.14
2017-07-19,143.98
2017-07-20,144.17
2017-07-21,144.11
2017-07-24,144.77
2017-07-25,144.4
2017-07-26,144.87
2017-07-27,143.96
2017-07-28,143.84
2017-07-31,143.23
2017-08-01,143.56
2017-08-02,143.95
2017-08-03,143.39
2017-08-04,143.65
2017-08-07,144.56
2017-08-08,144.31
2017-08-09,144.12
2017-08-10,141.03
2017-08-11,142.1
2017-08-14,143.93
2017-08-15,144.03
2017-08-16,144.28
2017-08-17,141.33
2017-08-18,141.23
2017-08-21,141.05
2017-08-22,143.2
2017-08-23,142.69
2017-08-24,142.27
2017-08-25,141.97
2017-08-28,142.41
2017-08-29,142.97
2017-08-30,144.65
2017-08-31,146.2
2017-09-01,146.0
2017-09-05,144.69
2017-09-06,145.13
2017-09-07,145.47
2017-09-08,144.21
2017-09-11,145.87
2017-09-12,146.22
2017-09-13,146.42
2017-09-14,145.56
2017-09-15,146.06
2017-09-18,145.55
2017-09-19,145.8
2017-09-20,145.35
2017-09-21,144.46
2017-09-22,144.32
2017-09-25,142.8
2017-09-26,143.17
2017-09-27,144.46
2017-09-28,144.41
2017-09-29,145.45
2017-10-02,145.58
2017-10-03,145.89
2017-10-04,146.03
2017-10-05,147.46
2017-10-06,147.66
2017-10-09,147.49
2017-10-10,147.6
2017-10-11,148.04
2017-10-12,147.77
2017-10-13,148.34
2017-10-16,148.85
2017-10-17,149.04
2017-10-18,148.86
2017-10-19,148.31
2017-10-20,148.71
2017-10-23,147.74
2017-10-24,147.99
2017-10-25,147.43
2017-10-26,146.96
2017-10-27,151.24
2017-10-30,151.58
2017-10-31,152.15
2017-11-01,152.1
2017-11-02,151.81
2017-11-03,153.27
2017-11-06,153.79
2017-11-07,153.88
2017-11-08,154.5
2017-11-09,153.69
2017-11-10,153.68
2017-11-13,153.87
2017-11-14,153.31
2017-11-15,152.59
2017-11-16,154.54
2017-11-17,153.95
2017-11-20,153.83
2017-11-21,155.5
2017-11-22,155.69
2017-11-24,156.26
2017-11-27,156.19
2017-11-28,156.59
2017-11-29,153.86
2017-11-30,155.15
2017-12-01,154.49
2017-12-04,152.71
2017-12-05,152.81
2017-12-06,153.5
2017-12-07,154.02
2017-12-08,154.7
2017-12-11,155.9
2017-12-12,155.69
2017-12-13,155.99
2017-12-14,155.88
2017-12-15,157.65
2017-12-18,158.64
2017-12-19,157.7
2017-12-20,157.53
2017-12-21,157.55
2017-12-22,157.37
2017-12-26,156.52
2017-12-27,156.54
2017-12-28,156.73
2017-12-29,155.76
2018-01-02,158.49
2018-01-03,160.03
2018-01-04,160.31
2018-01-05,161.92
2018-01-08,162.55
2018-01-09,162.56
2018-01-10,162.18
2018-01-11,163.29
2018-01-12,164.49
2018-01-16,164.02
2018-01-17,165.79
2018-01-18,165.82
2018-01-19,166.34
2018-01-22,168.12
2018-01-23,169.51
2018-01-24,168.41
2018-01-25,168.35
2018-01-26,170.93
2018-01-29,170.1
2018-01-30,168.7
2018-01-31,169.4
2018-02-01,167.96
2018-02-02,164.61
2018-02-05,158.12
2018-02-06,162.31
2018-02-07,160.21
2018-02-08,153.45
2018-02-09,156.1
2018-02-12,158.87
2018-02-13,159.69
2018-02-14,162.68
2018-02-15,165.7
2018-02-16,164.96
2018-02-20,165.29
2018-02-21,164.82
2018-02-22,164.8
2018-02-23,168.17
2018-02-26,170.4
2018-02-27,168.29
2018-02-28,167.21
2018-03-01,164.48
2018-03-02,165.99
2018-03-05,167.83
2018-03-06,168.54
2018-03-07,168.93
2018-03-08,169.86
2018-03-09,173.16
2018-03-12,174.08
2018-03-13,171.71
2018-03-14,171.68
2018-03-15,171.53
2018-03-16,171.02
2018-03-19,167.1
2018-03-20,167.65
2018-03-21,166.92
2018-03-22,162.8
2018-03-23,158.51
2018-03-26,164.4
2018-03-27,159.08
2018-03-28,157.25
2018-03-29,160.13
2018-04-02,155.51
2018-04-03,157.26
2018-04-04,159.74
2018-04-05,160.65
2018-04-06,156.63
2018-04-09,157.73
2018-04-10,161.21
2018-04-11,160.28
2018-04-12,162.21
2018-04-13,161.37
2018-04-16,162.6
2018-04-17,166.1
2018-04-18,166.44
2018-04-19,164.91
2018-04-20,162.3
2018-04-23,161.89
2018-04-24,158.46
2018-04-25,158.65
2018-04-26,161.99
2018-04-27,162.09
2018-04-30,160.94
2018-05-01,162.78
2018-05-02,161.82
2018-05-03,161.8
2018-05-04,164.87
2018-05-07,166.24
2018-05-08,166.07
2018-05-09,167.88
2018-05-10,169.62
2018-05-11,169.46
2018-05-14,169.75
2018-05-15,167.87
2018-05-16,168.98
2018-05-17,168.33
2018-05-18,167.46
2018-05-21,168.4
2018-05-22,168.18
2018-05-23,169.6
2018-05-24,169.55
2018-05-25,169.72
2018-05-29,168.97
2018-05-30,170.18
2018-05-31,170.18
2018-06-01,172.74
2018-06-04,174.3
2018-06-05,174.84
2018-06-06,175.86
2018-06-07,174.43
2018-06-08,174.44
2018-06-11,174.91
2018-06-12,175.83
2018-06-13,175.82
2018-06-14,177.6
2018-06-15,176.98
2018-06-18,176.5
2018-06-19,176.0
2018-06-20,177.25
2018-06-21,175.71
2018-06-22,175.32
2018-06-25,171.37
2018-06-26,172.07
2018-06-27,169.73
2018-06-28,171.19
2018-06-29,171.65
2018-07-02,172.8
2018-07-03,170.8
2018-07-05,172.92
2018-07-06,175.61
2018-07-09,177.19
2018-07-10,177.32
2018-07-11,176.42
2018-07-12,179.46
2018-07-13,179.61
2018-07-16,179.18
2018-07-17,180.27
2018-07-18,179.93
2018-07-19,179.03
2018-07-20,178.99
2018-07-23,179.56
2018-07-24,180.3
2018-07-25,182.82
2018-07-26,180.05
2018-07-27,177.62
2018-07-30,175.11
2018-07-31,176.45
2018-08-01,177.12
2018-08-02,179.53
2018-08-03,180.08
2018-08-06,181.14
2018-08-07,181.8
2018-08-08,182.02
2018-08-09,181.91
2018-08-10,180.52
2018-08-13,180.32
2018-08-14,181.45
2018-08-15,179.23
2018-08-16,179.82
2018-08-17,179.86
2018-08-20,179.7
2018-08-21,180.36
2018-08-22,181.06
2018-08-23,180.8
2018-08-24,182.48
2018-08-27,184.34
2018-08-28,184.61
2018-08-29,186.74
2018-08-30,186.41
2018-08-31,186.65
2018-09-04,185.85
2018-09-05,183.45
2018-09-06,181.81
2018-09-07,181.11
2018-09-10,181.72
2018-09-11,183.12
2018-09-12,182.58
2018-09-13,184.53
2018-09-14,183.99
2018-09-17,181.34
2018-09-18,182.84
2018-09-19,182.7
2018-09-20,184.72
2018-09-21,183.71
2018-09-24,183.89
2018-09-25,184.14
2018-09-26,184.27
2018-09-27,185.83
2018-09-28,185.79
2018-10-01,186.17
2018-10-02,185.75
2018-10-03,185.95
2018-10-04,182.38
2018-10-05,180.15
2018-10-08,179.05
2018-10-09,179.63
2018-10-10,171.73
2018-10-11,169.6
2018-10-12,174.32
2018-10-15,172.21
2018-10-16,177.22
2018-10-17,177.29
2018-10-18,173.18
2018-10-19,173.02
2018-10-22,173.91
2018-10-23,173.27
2018-10-24,165.34
2018-10-25,171.06
2018-10-26,166.66
2018-10-29,163.23
2018-10-30,165.92
2018-10-31,169.82
2018-11-01,172.06
2018-11-02,169.38
2018-11-05,168.96
2018-11-06,170.24
2018-11-07,175.58
2018-11-08,174.46
2018-11-09,171.52
2018-11-12,166.33
2018-11-13,166.47
2018-11-14,165.2
2018-11-15,168.09
2018-11-16,167.5
2018-11-19,162.06
2018-11-20,159.16
2018-11-21,160.37
2018-11-23,159.21
2018-11-26,162.89
2018-11-27,163.44
2018-11-28,168.7
2018-11-29,168.15
2018-11-30,169.37
2018-12-03,172.33
2018-12-04,165.72
2018-12-06,166.89
2018-12-07,161.38
2018-12-10,163.07
2018-12-11,163.61
2018-12-12,165.05
2018-12-13,165.1
2018-12-14,161.08
2018-12-17,157.43
2018-12-18,158.42
2018-12-19,154.53
2018-12-20,152.29
2018-12-21,147.57
2018-12-24,143.5
2018-12-26,152.46
2018-12-27,153.05
2018-12-28,152.97
2018-12-31,154.26
2019-01-02,154.88
2019-01-03,149.82
2019-01-04,156.23
2019-01-07,158.09
2019-01-08,159.52
2019-01-09,160.82
2019-01-10,161.28
2019-01-11,160.69
2019-01-14,159.27
2019-01-15,162.38
2019-01-16,162.35
2019-01-17,163.63
2019-01-18,165.25
2019-01-22,161.94
2019-01-23,162.15
2019-01-24,163.2
2019-01-25,165.15
2019-01-28,163.11
2019-01-29,161.57
2019-01-30,165.68
2019-01-31,168.16
2019-02-01,167.45
2019-02-04,169.53
2019-02-05,171.03
2019-02-06,170.52
2019-02-07,168.23
2019-02-08,168.56
2019-02-11,168.4
2019-02-12,170.89
2019-02-13,171.01
2019-02-14,171.22
2019-02-15,171.94
2019-02-19,172.28
2019-02-20,172.25
2019-02-21,171.62
2019-02-22,172.89
2019-02-25,173.52
2019-02-26,173.7
2019-02-27,173.59
2019-02-28,173.19
2019-03-01,174.39
2019-03-04,174.42
2019-03-05,174.55
2019-03-06,173.56
2019-03-07,171.43
2019-03-08,171.17
2019-03-11,174.73
2019-03-12,175.69
2019-03-13,177.01
2019-03-14,176.71
2019-03-15,178.35
2019-03-18,178.45
2019-03-19,179.05
2019-03-20,179.76
2019-03-21,182.57
2019-03-22,178.56
2019-03-25,178.22
2019-03-26,179.05
2019-03-27,177.9
2019-03-28,178.31
2019-03-29,179.66
2019-04-01,182.04
2019-04-02,182.73
2019-04-03,183.78
2019-04-04,183.71
2019-04-05,184.66
2019-04-08,185.13
2019-04-09,184.48
2019-04-10,185.47
2019-04-11,185.03
2019-04-12,185.83
2019-04-15,185.86
2019-04-16,186.5
2019-04-17,187.15
2019-04-18,187.39
2019-04-22,187.92
2019-04-23,190.31
2019-04-24,189.71
2019-04-25,190.48
2019-04-26,190.65
2019-04-29,191.02
2019-04-30,189.54
2019-05-01,188.93
2019-05-02,188.11
2019-05-03,191.11
2019-05-06,189.94
2019-05-07,186.24
2019-05-08,185.77
2019-05-09,184.77
2019-05-10,185.0
2019-05-13,178.58
2019-05-14,180.54
2019-05-15,183.09
2019-05-16,184.93
2019-05-17,183.04
2019-05-20,179.95
2019-05-21,181.83
2019-05-22,181.02
2019-05-23,178.25
2019-05-24,178.16
2019-05-28,177.49
2019-05-29,176.03
2019-05-30,176.77
2019-05-31,173.95
2019-06-03,170.12
2019-06-04,174.91
2019-06-05,176.21
2019-06-06,177.61
2019-06-07,181.04
2019-06-10,183.15
2019-06-11,183.4
2019-06-12,182.34
2019-06-13,183.42
2019-06-14,182.64
2019-06-17,183.74
2019-06-18,186.41
2019-06-19,187.11
2019-06-20,188.85
2019-06-21,188.57
2019-06-24,188.16
2019-06-25,184.93
2019-06-26,185.79
2019-06-27,186.5
2019-06-28,186.74
2019-07-01,189.26
2019-07-02,190.01
2019-07-03,191.44
2019-07-05,191.05
2019-07-08,189.71
2019-07-09,190.66
2019-07-10,192.56
2019-07-11,192.42
2019-07-12,193.53
2019-07-15,194.15
2019-07-16,193.15
2019-07-17,192.2
2019-07-18,192.42
2019-07-19,191.01
2019-07-22,192.53
2019-07-23,193.79
2019-07-24,195.15
2019-07-25,193.3
2019-07-26,195.29
2019-07-29,194.62
2019-07-30,193.78
2019-07-31,191.1
2019-08-01,190.15
2019-08-02,187.35
2019-08-05,180.73
2019-08-06,183.26
2019-08-07,184.25
2019-08-08,188.26
2019-08-09,186.49
2019-08-12,184.35
2019-08-13,188.39
2019-08-14,182.76
2019-08-15,182.55
2019-08-16,185.48
2019-08-19,188.43
2019-08-20,186.97
2019-08-21,188.63
2019-08-22,188.02
2019-08-23,182.07
2019-08-26,184.82
2019-08-27,184.43
2019-08-28,185.09
2019-08-29,187.92
2019-08-30,187.47
2019-09-03,185.65
2019-09-04,188.33
2019-09-05,191.78
2019-09-06,191.59
2019-09-09,191.19
2019-09-10,190.64
2019-09-11,192.43
2019-09-12,193.23
2019-09-13,192.54
2019-09-16,191.68
2019-09-17,192.6
2019-09-18,192.52
2019-09-19,192.84
2019-09-20,190.8
2019-09-23,190.5
2019-09-24,187.97
2019-09-25,190.08
2019-09-26,189.38
2019-09-27,187.03
2019-09-30,188.81
2019-10-01,187.27
2019-10-02,184.05
2019-10-03,186.07
2019-10-04,188.81
2019-10-07,188.24
2019-10-08,185.42
2019-10-09,187.23
2019-10-10,188.68
2019-10-11,191.11
2019-10-14,191.09
2019-10-15,193.52
2019-10-16,193.04
2019-10-17,193.55
2019-10-18,191.69
2019-10-21,193.39
2019-10-22,191.85
2019-10-23,192.22
2019-10-24,194.09
2019-10-25,195.64
2019-10-28,197.57
2019-10-29,196.04
2019-10-30,196.99
2019-10-31,197.08
2019-11-01,198.87
2019-11-04,200.1
2019-11-05,200.21
2019-11-06,199.76
2019-11-07,200.43
2019-11-08,201.23
2019-11-11,200.96
2019-11-12,201.54
2019-11-13,201.59
2019-11-14,201.43
2019-11-15,202.91
2019-11-18,203.07
2019-11-19,203.37
2019-11-20,202.15
2019-11-21,201.7
2019-11-22,201.83
2019-11-25,204.22
2019-11-26,204.61
2019-11-27,206.04
2019-11-29,205.1
2019-12-02,203.0
2019-12-03,201.41
2019-12-04,202.43
2019-12-05,202.83
2019-12-06,205.0
2019-12-09,204.07
2019-12-10,203.9
2019-12-11,204.98
2019-12-12,206.51
2019-12-13,207.19
2019-12-16,209.27
2019-12-17,209.39
2019-12-18,209.55
2019-12-19,210.86
2019-12-20,211.71
2019-12-23,211.81
2019-12-24,211.92
2019-12-26,213.79
2019-12-27,213.61
2019-12-30,212.21
2019-12-31,212.61
2020-01-02,216.16
2020-01-03,214.18
2020-01-06,215.56
2020-01-07,215.53
2020-01-08,217.15
2020-01-09,218.99
2020-01-10,218.43
2020-01-13,220.95
2020-01-14,220.08
2020-01-15,220.17
2020-01-16,222.28
2020-01-17,223.38
2020-01-21,223.28
2020-01-22,223.87
2020-01-23,224.59
2020-01-24,222.7
2020-01-27,218.1
2020-01-28,221.45
2020-01-29,221.81
2020-01-30,222.6
2020-01-31,219.07
2020-02-03,222.38
2020-02-04,227.47
2020-02-05,228.22
2020-02-06,230.19
2020-02-07,229.2
2020-02-10,231.97
2020-02-11,232.01
2020-02-12,234.27
2020-02-13,233.97
2020-02-14,234.64
2020-02-18,234.73
2020-02-19,236.98
2020-02-20,234.78
2020-02-21,230.27
2020-02-24,221.39
2020-02-25,215.37
2020-02-26,216.48
2020-02-27,205.64
2020-02-28,205.8
2020-03-02,216.42
2020-03-03,209.48
2020-03-04,218.22
2020-03-05,211.59
2020-03-06,208.02
2020-03-09,193.57
2020-03-10,204.11
2020-03-11,195.22
2020-03-12,177.32
2020-03-13,192.34
2020-03-16,169.3
2020-03-17,182.14
2020-03-18,176.6
2020-03-19,177.66
2020-03-20,170.7
2020-03-23,170.46
2020-03-24,183.66
2020-03-25,182.3
2020-03-26,191.9
2020-03-27,185.3
2020-03-30,192.04
2020-03-31,190.4
2020-04-01,182.31
2020-04-02,186.01
2020-04-03,183.37
2020-04-06,196.48
2020-04-07,196.4
2020-04-08,200.57
2020-04-09,200.86
2020-04-13,203.03
2020-04-14,211.86
2020-04-15,209.43
2020-04-16,213.25
2020-04-17,215.29
2020-04-20,212.74
2020-04-21,204.89
2020-04-22,210.97
2020-04-23,210.52
2020-04-24,213.84
2020-04-27,215.56
2020-04-28,211.5
2020-04-29,219.0
2020-04-30,218.91
2020-05-01,212.74
2020-05-04,215.22
2020-05-05,217.66
2020-05-06,219.0
2020-05-07,221.82
2020-05-08,224.86
2020-05-11,226.87
2020-05-12,222.12
2020-05-13,219.34
2020-05-14,221.83
2020-05-15,223.27
2020-05-18,227.43
2020-05-19,226.86
2020-05-20,231.39
2020-05-21,228.87
2020-05-22,229.66
2020-05-26,229.04
2020-05-27,230.29
2020-05-28,229.99
2020-05-29,233.36
2020-06-01,234.06
2020-06-02,235.63
2020-06-03,236.69
2020-06-04,235.03
2020-06-05,239.69
2020-06-08,241.55
2020-06-09,243.3
2020-06-10,246.22
2020-06-11,234.02
2020-06-12,235.88
2020-06-15,238.75
2020-06-16,242.85
2020-06-17,243.62
2020-06-18,244.28
2020-06-19,244.24
2020-06-22,246.74
2020-06-23,248.84
2020-06-24,243.71
2020-06-25,246.03
2020-06-26,240.22
2020-06-29,242.84
2020-06-30,247.6
2020-07-01,250.49
2020-07-02,252.19
2020-07-06,258.39
2020-07-07,256.61
2020-07-08,259.99
2020-07-09,262.18
2020-07-10,263.97
2020-07-13,258.54
2020-07-14,260.37
2020-07-15,260.9
2020-07-16,259.12
2020-07-17,259.42
2020-07-20,266.78
2020-07-21,264.0
2020-07-22,264.93
2020-07-23,258.01
2020-07-24,255.56
2020-07-27,260.12
2020-07-28,256.81
2020-07-29,259.77
2020-07-30,261.13
2020-07-31,265.79
2020-08-03,269.38
2020-08-04,270.38
2020-08-05,271.05
2020-08-06,274.64
2020-08-07,271.47
2020-08-10,270.31
2020-08-11,265.19
2020-08-12,271.86
2020-08-13,272.48
2020-08-14,272.16
2020-08-17,275.32
2020-08-18,277.97
2020-08-19,276.1
2020-08-20,279.93
2020-08-21,281.87
2020-08-24,283.63
2020-08-25,285.86
2020-08-26,291.96
2020-08-27,291.05
2020-08-28,292.53
2020-08-31,294.88
2020-09-01,299.92
2020-09-02,302.76
2020-09-03,287.41
2020-09-04,283.58
2020-09-08,269.95
2020-09-09,277.88
2020-09-10,272.34
2020-09-11,270.45
2020-09-14,275.16
2020-09-15,279.06
2020-09-16,274.61
2020-09-17,270.32
2020-09-18,266.87
2020-09-21,267.51
2020-09-22,272.48
2020-09-23,264.16
2020-09-24,265.39
2020-09-25,271.56
2020-09-28,277.2
2020-09-29,275.95
2020-09-30,277.84
2020-10-01,282.25
2020-10-02,274.31
2020-10-05,280.16
2020-10-06,275.16
2020-10-07,279.92
2020-10-08,281.41
2020-10-09,285.71
2020-10-12,294.53
2020-10-13,294.52
2020-10-14,292.06
2020-10-15,290.1
2020-10-16,288.51
2020-10-19,283.8
2020-10-20,284.41
2020-10-21,284.19
2020-10-22,284.18
2020-10-23,284.74
2020-10-26,280.47
2020-10-27,282.66
2020-10-28,271.64
2020-10-29,276.39
2020-10-30,269.38
2020-11-02,269.98
2020-11-03,274.65
2020-11-04,286.91
2020-11-05,294.39
2020-11-06,294.61
2020-11-09,288.59
2020-11-10,283.42
2020-11-11,289.76
2020-11-12,288.4
2020-11-13,290.93
2020-11-16,293.2
2020-11-17,292.27
2020-11-18,290.11
2020-11-19,292.38
2020-11-20,290.38
2020-11-23,290.39
2020-11-24,294.47
2020-11-25,296.28
2020-11-27,299.01
2020-11-30,299.62
2020-12-01,303.46
2020-12-02,303.85
2020-12-03,304.28
2020-12-04,305.52
2020-12-07,307.25
2020-12-08,308.29
2020-12-09,301.31
2020-12-10,302.52
2020-12-11,301.85
2020-12-14,304.04
2020-12-15,307.29
2020-12-16,308.98
2020-12-17,311.0
2020-12-18,310.06
2020-12-21,308.92
2020-12-22,309.76
2020-12-23,308.2
2020-12-24,309.56
2020-12-28,312.68
2020-12-29,312.96
2020-12-30,312.97
2020-12-31,313.74
2021-01-04,309.31
2021-01-05,311.86
2021-01-06,307.54
2021-01-07,314.98
2021-01-08,319.03
2021-01-11,314.42
2021-01-12,313.92
2021-01-13,316.04
2021-01-14,314.35
2021-01-15,311.86
2021-01-19,316.41
2021-01-20,323.77
2021-01-21,326.36
2021-01-22,325.42
2021-01-25,328.11
2021-01-26,328.59
2021-01-27,319.43
2021-01-28,321.32
2021-01-29,314.56
2021-02-01,322.42
2021-02-02,327.68
2021-02-03,326.38
2021-02-04,330.24
2021-02-05,331.36
2021-02-08,333.58
2021-02-09,333.51
2021-02-10,332.75
2021-02-11,334.58
2021-02-12,336.45
2021-02-16,335.54
2021-02-17,333.93
2021-02-18,332.47
2021-02-19,331.02
2021-02-22,322.44
2021-02-23,321.48
2021-02-24,324.13
2021-02-25,312.83
2021-02-26,314.14
2021-03-01,323.59
2021-03-02,318.4
2021-03-03,309.16
2021-03-04,304.1
2021-03-05,308.68
2021-03-08,299.94
2021-03-09,311.77
2021-03-10,310.88
2021-03-11,318.04
2021-03-12,315.46
2021-03-15,318.83
2021-03-16,320.58
2021-03-17,321.9
2021-03-18,312.04
2021-03-19,313.14
2021-03-22,318.61
2021-03-23,317.22
2021-03-24,311.87
2021-03-25,311.33
2021-03-26,316.0
2021-03-29,315.91
2021-03-30,314.32
2021-03-31,319.13
2021-04-01,324.57
2021-04-05,331.05
2021-04-06,330.82
2021-04-07,331.62
2021-04-08,335.08
2021-04-09,337.11
2021-04-12,336.67
2021-04-13,340.6
2021-04-14,336.51
2021-04-15,341.61
2021-04-16,342.01
2021-04-19,338.88
2021-04-20,336.41
2021-04-21,339.29
2021-04-22,335.2
2021-04-23,339.42
2021-04-26,341.63
2021-04-27,340.15
2021-04-28,339.0
2021-04-29,340.22
2021-04-30,337.99
2021-05-03,336.19
2021-05-04,330.14
2021-05-05,329.03
2021-05-06,331.51
2021-05-07,334.2
2021-05-10,325.76
2021-05-11,325.31
2021-05-12,316.89
2021-05-13,319.34
2021-05-14,326.39
2021-05-17,324.41
2021-05-18,322.22
2021-05-19,322.59
2021-05-20,328.83
2021-05-21,327.01
2021-05-24,332.51
2021-05-25,332.97
2021-05-26,334.13
2021-05-27,332.88
2021-05-28,333.93
2021-06-01,332.82
2021-06-02,333.47
2021-06-03,330.0
2021-06-04,335.6
2021-06-07,336.6
2021-06-08,336.76
2021-06-09,336.84
2021-06-10,340.35
2021-06-11,341.24
2021-06-14,344.51
2021-06-15,342.26
2021-06-16,341.01
2021-06-17,345.34
2021-06-18,342.63
2021-06-21,344.36
2021-06-22,347.57
2021-06-23,347.74
2021-06-24,349.89
2021-06-25,349.46
2021-06-28,353.71
2021-06-29,354.99
2021-06-30,354.43
2021-07-01,354.57
2021-07-02,358.64
2021-07-06,360.19
2021-07-07,360.95
2021-07-08,358.77
2021-07-09,361.01
2021-07-12,362.42
2021-07-13,362.42
2021-07-14,363.07
2021-07-15,360.52
2021-07-16,357.6
2021-07-19,354.67
2021-07-20,358.79
2021-07-21,361.56
2021-07-22,363.95
2021-07-23,368.2
2021-07-26,368.49
2021-07-27,364.43
2021-07-28,365.83
2021-07-29,366.48
2021-07-30,364.57
2021-08-02,364.6
2021-08-03,366.81
2021-08-04,367.34
2021-08-05,369.67
2021-08-06,368.05
2021-08-09,368.73
2021-08-10,366.84
2021-08-11,366.21
2021-08-12,367.53
2021-08-13,368.82
2021-08-16,368.98
2021-08-17,365.73
2021-08-18,362.21
2021-08-19,363.96
2021-08-20,367.73
2021-08-23,373.23
2021-08-24,374.37
2021-08-25,374.8
2021-08-26,372.42
2021-08-27,376.04
2021-08-30,380.26
2021-08-31,379.95
2021-09-01,380.58
2021-09-02,380.4
2021-09-03,381.57
2021-09-07,382.11
2021-09-08,380.78
2021-09-09,379.47
2021-09-10,376.59
2021-09-13,376.33
2021-09-14,375.26
2021-09-15,378.05
2021-09-16,378.31
2021-09-17,373.83
2021-09-20,365.7
2021-09-21,366.15
2021-09-22,369.57
2021-09-23,372.98
2021-09-24,373.33
2021-09-27,370.35
2021-09-28,359.87
2021-09-29,359.28
2021-09-30,357.96
2021-10-01,360.18
2021-10-04,352.62
2021-10-05,357.38
2021-10-06,359.67
2021-10-07,362.97
2021-10-08,361.16
2021-10-11,358.39
2021-10-12,357.14
2021-10-13,360.0
2021-10-14,366.63
2021-10-15,368.94
2021-10-18,372.65
2021-10-19,375.47
2021-10-20,374.98
2021-10-21,377.27
2021-10-22,374.1
2021-10-25,377.93
2021-10-26,379.12
2021-10-27,380.0
2021-10-28,384.22
2021-10-29,386.11
2021-11-01,387.43
2021-11-02,389.05
2021-11-03,393.18
2021-11-04,398.22
2021-11-05,398.6
2021-11-08,398.06
2021-11-09,395.32
2021-11-10,389.51
2021-11-11,390.59
2021-11-12,394.7
2021-11-15,394.61
2021-11-16,397.42
2021-11-17,397.63
2021-11-18,401.75
2021-11-19,403.99
2021-11-22,399.3
2021-11-23,397.48
2021-11-24,398.76
2021-11-26,391.2
2021-11-29,399.69
2021-11-30,393.82
2021-12-01,387.12
2021-12-02,389.91
2021-12-03,383.13
2021-12-06,386.2
2021-12-07,397.83
2021-12-08,399.61
2021-12-09,393.73
2021-12-10,398.01
2021-12-13,392.26
2021-12-14,388.2
2021-12-15,397.05
2021-12-16,386.84
2021-12-17,384.91
2021-12-20,380.69
2021-12-21,389.21
2021-12-22,393.95
2021-12-23,396.92
2021-12-27,403.48
2021-12-28,401.61
2021-12-29,401.55
2021-12-30,400.35
2021-12-31,397.85
2022-01-03,401.68
2022-01-04,396.47
2022-01-05,384.29
2022-01-06,384.02
2022-01-07,379.86
2022-01-10,380.11
2022-01-11,385.82
2022-01-12,387.35
2022-01-13,377.66
2022-01-14,380.01
2022-01-18,370.55
2022-01-19,366.48
2022-01-20,361.72
2022-01-21,351.69
2022-01-24,353.3
2022-01-25,345.11
2022-01-26,344.57
2022-01-27,341.1
2022-01-28,351.8
2022-01-31,363.05
2022-02-01,365.52
2022-02-02,368.49
2022-02-03,353.55
2022-02-04,358.01
2022-02-07,355.13
2022-02-08,359.12
2022-02-09,366.73
2022-02-10,358.43
2022-02-11,347.06
2022-02-14,347.49
2022-02-15,356.13
2022-02-16,356.04
2022-02-17,345.45
2022-02-18,341.51
2022-02-22,338.08
2022-02-23,329.42
2022-02-24,340.49
2022-02-25,345.77
2022-02-28,346.8
2022-03-01,341.49
2022-03-02,347.22
2022-03-03,342.26
2022-03-04,337.3
2022-03-07,324.86
2022-03-08,323.35
2022-03-09,334.99
2022-03-10,331.27
2022-03-11,324.4
2022-03-14,318.17
2022-03-15,328.15
2022-03-16,340.32
2022-03-17,344.44
2022-03-18,351.49
2022-03-21,350.08
2022-03-22,356.96
2022-03-23,351.83
2022-03-24,359.65
2022-03-25,359.35
2022-03-28,364.91
2022-03-29,371.19
2022-03-30,367.09
2022-03-31,362.54
2022-04-01,361.85
2022-04-04,369.3
2022-04-05,361.1
2022-04-06,353.26
2022-04-07,354.1
2022-04-08,349.15
2022-04-11,340.89
2022-04-12,339.45
2022-04-13,346.35
2022-04-14,338.43
2022-04-18,338.69
2022-04-19,346.26
2022-04-20,341.21
2022-04-21,334.15
2022-04-22,325.4
2022-04-25,329.58
2022-04-26,317.14
2022-04-27,316.76
2022-04-28,328.01
2022-04-29,313.25
2022-05-02,318.48
2022-05-03,318.82
2022-05-04,329.6
2022-05-05,313.0
2022-05-06,309.25
2022-05-09,297.15
2022-05-10,300.76
2022-05-11,291.84
2022-05-12,291.15
2022-05-13,301.94
2022-05-16,298.44
2022-05-17,306.17
2022-05-18,291.14
2022-05-19,289.58
2022-05-20,288.68
2022-05-23,293.48
2022-05-24,287.24
2022-05-25,291.26
2022-05-26,299.33
2022-05-27,309.1
2022-05-31,308.28
2022-06-01,306.0
2022-06-02,314.38
2022-06-03,306.2
2022-06-06,307.22
2022-06-07,309.87
2022-06-08,307.64
2022-06-09,299.4
2022-06-10,288.84
2022-06-13,275.41
2022-06-14,275.91
2022-06-15,282.8
2022-06-16,271.39
2022-06-17,274.69
2022-06-21,281.08
2022-06-22,280.67
2022-06-23,284.85
2022-06-24,294.61
2022-06-27,292.45
2022-06-28,283.54
2022-06-29,283.8
2022-06-30,280.28
2022-07-01,282.13
2022-07-05,286.96
2022-07-06,288.8
2022-07-07,294.98
2022-07-08,295.35
2022-07-11,289.04
2022-07-12,286.24
2022-07-13,285.65
2022-07-14,286.67
2022-07-15,291.87
2022-07-18,289.4
2022-07-19,298.3
2022-07-20,303.03
2022-07-21,307.38
2022-07-22,301.99
2022-07-25,300.27
2022-07-26,294.37
2022-07-27,306.81
2022-07-28,309.81
2022-07-29,315.46
2022-08-01,315.27
2022-08-02,314.33
2022-08-03,322.89
2022-08-04,324.4
2022-08-05,321.75
2022-08-08,320.71
2022-08-09,317.08
2022-08-10,325.93
2022-08-11,324.08
2022-08-12,330.39
2022-08-15,333.06
2022-08-16,332.28
2022-08-17,328.49
2022-08-18,329.28
2022-08-19,322.86
2022-08-22,314.36
2022-08-23,314.1
2022-08-24,315.01
2022-08-25,320.58
2022-08-26,307.44
2022-08-29,304.41
2022-08-30,301.02
2022-08-31,299.27
2022-09-01,299.4
2022-09-02,295.17
2022-09-06,293.05
2022-09-07,298.97
2022-09-08,300.52
2022-09-09,307.09
2022-09-12,310.74
2022-09-13,293.7
2022-09-14,296.03
2022-09-15,291.1
2022-09-16,289.32
2022-09-19,291.05
2022-09-20,288.73
2022-09-21,283.56
2022-09-22,280.07
2022-09-23,275.51
2022-09-26,274.37
2022-09-27,274.48
2022-09-28,279.94
2022-09-29,271.87
2022-09-30,267.26
2022-10-03,273.53
2022-10-04,282.13
2022-10-05,281.98
2022-10-06,279.76
2022-10-07,269.1
2022-10-10,266.41
2022-10-11,262.75
2022-10-12,262.66
2022-10-13,268.82
2022-10-14,260.74
2022-10-17,269.35
2022-10-18,271.48
2022-10-19,270.49
2022-10-20,269.11
2022-10-21,275.42
2022-10-24,278.45
2022-10-25,284.21
2022-10-26,277.93
2022-10-27,272.87
2022-10-28,281.22
2022-10-31,277.95
2022-11-01,275.11
2022-11-02,265.68
2022-11-03,260.49
2022-11-04,264.68
2022-11-07,267.59
2022-11-08,269.54
2022-11-09,263.32
2022-11-10,282.75
2022-11-11,287.96
2022-11-14,285.44
2022-11-15,289.39
2022-11-16,285.44
2022-11-17,284.81
2022-11-18,284.82
2022-11-21,281.89
2022-11-22,285.95
2022-11-23,288.82
2022-11-25,286.92
2022-11-28,282.71
2022-11-29,280.57
2022-11-30,293.36
2022-12-01,293.72
2022-12-02,292.55
2022-12-05,287.64
2022-12-06,281.68
2022-12-07,280.53
2022-12-08,283.85
2022-12-09,282.04
2022-12-12,285.58
2022-12-13,288.65
2022-12-14,286.51
2022-12-15,276.89
2022-12-16,274.25
2022-12-19,269.75
2022-12-20,269.54
2022-12-21,273.45
2022-12-22,266.76
2022-12-23,267.36
2022-12-27,263.58
2022-12-28,260.1
2022-12-29,266.44
2022-12-30,266.28
2023-01-03,264.48
2023-01-04,265.74
2023-01-05,261.58
2023-01-06,268.8
2023-01-09,270.54
2023-01-10,272.83
2023-01-11,277.55
2023-01-12,279.05
2023-01-13,280.97
2023-01-17,281.54
2023-01-18,277.88
2023-01-19,275.15
2023-01-20,282.68
2023-01-23,288.96
2023-01-24,288.37
2023-01-25,287.73
2023-01-26,293.34
2023-01-27,296.26
2023-01-30,290.27
2023-01-31,294.62
2023-02-01,300.92
2023-02-02,311.72
2023-02-03,306.18
2023-02-06,303.59
2023-02-07,309.88
2023-02-08,304.37
2023-02-09,301.68
2023-02-10,299.7
2023-02-13,304.5
2023-02-14,306.75
2023-02-15,309.1
2023-02-16,303.3
2023-02-17,301.16
2023-02-21,294.03
2023-02-22,294.25
2023-02-23,296.82
2023-02-24,291.85
2023-02-27,293.94
2023-02-28,293.56
2023-03-01,291.2
2023-03-02,293.61
2023-03-03,299.68
2023-03-06,300.02
2023-03-07,296.34
2023-03-08,297.82
2023-03-09,292.66
2023-03-10,288.55
2023-03-13,290.69
2023-03-14,297.37
2023-03-15,298.93
2023-03-16,306.81
2023-03-17,305.36
2023-03-20,305.97
2023-03-21,310.34
2023-03-22,306.12
2023-03-23,309.75
2023-03-24,310.89
2023-03-27,308.76
2023-03-28,307.12
2023-03-29,312.72
2023-03-30,315.68
2023-03-31,320.93
2023-04-03,320.15
2023-04-04,319.07
2023-04-05,315.92
2023-04-06,318.05
2023-04-10,317.87
2023-04-11,315.83
2023-04-12,313.04
2023-04-13,319.17
2023-04-14,318.57
2023-04-17,318.84
2023-04-18,318.86
2023-04-19,318.71
2023-04-20,316.28
2023-04-21,316.61
2023-04-24,315.95
2023-04-25,309.99
2023-04-26,311.87
2023-04-27,320.35
2023-04-28,322.56
2023-05-01,322.19
2023-05-02,319.38
2023-05-03,317.29
2023-05-04,316.17
2023-05-05,322.89
2023-05-08,323.69
2023-05-09,321.64
2023-05-10,325.14
2023-05-11,326.2
2023-05-12,325.03
2023-05-15,326.79
2023-05-16,327.16
2023-05-17,331.12
2023-05-18,337.27
2023-05-19,336.51
2023-05-22,337.64
2023-05-23,333.36
2023-05-24,331.65
2023-05-25,339.72
2023-05-26,348.4
2023-05-30,349.98
2023-05-31,347.99
2023-06-01,352.01
2023-06-02,354.65
2023-06-05,354.9
2023-06-06,354.84
2023-06-07,348.82
2023-06-08,353.15
2023-06-09,354.5
2023-06-12,360.49
2023-06-13,363.26
2023-06-14,365.9
2023-06-15,370.26
2023-06-16,367.93
2023-06-20,366.9
2023-06-21,361.9
2023-06-22,366.17
2023-06-23,362.54
2023-06-26,357.68
2023-06-27,363.83
2023-06-28,364.54
2023-06-29,363.81
2023-06-30,369.42
2023-07-03,370.29
2023-07-05,370.28
2023-07-06,367.46
2023-07-07,366.24
2023-07-10,366.36
2023-07-11,368.17
2023-07-12,372.82
2023-07-13,379.15
2023-07-14,379.07
2023-07-17,382.61
2023-07-18,385.74
2023-07-19,385.65
2023-07-20,376.76
2023-07-21,375.63
2023-07-24,376.23
2023-07-25,378.78
2023-07-26,377.52
2023-07-27,376.62
2023-07-28,383.48
2023-07-31,383.68
2023-08-01,382.79
2023-08-02,374.39
2023-08-03,373.79
2023-08-04,372.04
2023-08-07,375.19
2023-08-08,372.0
2023-08-09,367.91
2023-08-10,368.59
2023-08-11,366.24
2023-08-14,370.35
2023-08-15,366.42
2023-08-16,362.54
2023-08-17,358.58
2023-08-18,358.13
2023-08-21,363.9
2023-08-22,363.38
2023-08-23,369.11
2023-08-24,361.22
2023-08-25,364.02
2023-08-28,366.76
2023-08-29,374.77
2023-08-30,376.86
2023-08-31,377.99
2023-09-01,377.59
2023-09-05,378.07
2023-09-06,374.74
2023-09-07,372.06
2023-09-08,372.58
2023-09-11,376.97
2023-09-12,372.79
2023-09-13,374.21
2023-09-14,377.27
2023-09-15,370.81
2023-09-18,370.66
2023-09-19,369.87
2023-09-20,364.54
2023-09-21,357.86
2023-09-22,357.91
2023-09-25,359.61
2023-09-26,354.21
2023-09-27,355.04
2023-09-28,358.01
2023-09-29,358.27
2023-10-02,361.26
2023-10-03,354.92
2023-10-04,359.75
2023-10-05,358.69
2023-10-06,364.7
2023-10-09,366.56
2023-10-10,368.59
2023-10-11,371.22
2023-10-12,369.93
2023-10-13,365.28
2023-10-16,369.41
2023-10-17,368.2
2023-10-18,363.37
2023-10-19,359.97
2023-10-20,354.6
2023-10-23,355.67
2023-10-24,359.13
2023-10-25,350.34
2023-10-26,343.66
2023-10-27,345.31
2023-10-30,349.2
2023-10-31,350.87
2023-11-01,356.96
2023-11-02,363.44
2023-11-03,367.71
2023-11-06,369.21
2023-11-07,372.7
2023-11-08,372.94
2023-11-09,370.07
2023-11-10,378.39
2023-11-13,377.21
2023-11-14,385.33
2023-11-15,385.62
2023-11-16,385.95
2023-11-17,386.04
2023-11-20,390.74
2023-11-21,388.47
2023-11-22,390.06
2023-11-24,389.51
2023-11-27,389.17
2023-11-28,390.19
2023-11-29,389.81
2023-11-30,388.83
2023-12-01,389.94
2023-12-04,386.32
2023-12-05,387.29
2023-12-06,385.05
2023-12-07,390.43
2023-12-08,392.17
2023-12-11,395.52
2023-12-12,398.67
2023-12-13,403.74
2023-12-14,403.39
2023-12-15,405.34
2023-12-18,407.08
2023-12-19,409.16
2023-12-20,403.08
2023-12-21,407.77
2023-12-22,408.38
2023-12-26,410.88
2023-12-27,411.5
2023-12-28,411.3
2023-12-29,409.52
2024-01-02,402.59
2024-01-03,398.33
2024-01-04,396.28
2024-01-05,396.75
2024-01-08,404.95
2024-01-09,405.75
2024-01-10,408.5
2024-01-11,409.35
2024-01-12,409.56
2024-01-16,409.52
2024-01-17,407.21
2024-01-18,412.99
2024-01-19,421.18
2024-01-22,421.73
2024-01-23,423.48
2024-01-24,425.83
2024-01-25,426.35
2024-01-26,423.81
2024-01-29,428.15
2024-01-30,425.3
2024-01-31,416.97
2024-02-01,421.88
2024-02-02,429.01
2024-02-05,428.45
2024-02-06,427.59
2024-02-07,431.99
2024-02-08,432.79
2024-02-09,437.05
2024-02-12,435.34
2024-02-13,428.55
2024-02-14,433.22
2024-02-15,434.51
2024-02-16,430.57
2024-02-20,427.32
2024-02-21,425.61
2024-02-22,438.07
2024-02-23,436.78
2024-02-26,436.55
2024-02-27,437.6
2024-02-28,435.27
2024-02-29,439.0
2024-03-01,445.61
2024-03-04,444.02
2024-03-05,436.05
2024-03-06,438.79
2024-03-07,445.45
2024-03-08,439.02
2024-03-11,437.39
2024-03-12,443.66
2024-03-13,440.25
2024-03-14,439.14
2024-03-15,433.92
2024-03-18,437.48
2024-03-19,438.57
2024-03-20,443.77
2024-03-21,445.87
2024-03-22,446.38
2024-03-25,444.76
2024-03-26,443.32
2024-03-27,444.83
2024-03-28,444.01
2024-04-01,444.95
2024-04-02,441.11
2024-04-03,442.1
2024-04-04,435.34
2024-04-05,440.47
2024-04-08,440.6
2024-04-09,442.23
2024-04-10,438.37
2024-04-11,445.37
2024-04-12,438.27
2024-04-15,431.06
2024-04-16,431.1
2024-04-17,425.84
2024-04-18,423.41
2024-04-19,414.65
2024-04-22,418.82
2024-04-23,425.07
2024-04-24,426.51
2024-04-25,424.45
2024-04-26,431.0
2024-04-29,432.75
2024-04-30,424.59
2024-05-01,421.52
2024-05-02,426.9
2024-05-03,435.48
2024-05-06,440.25
2024-05-07,440.32
2024-05-08,440.06
2024-05-09,441.02
2024-05-10,442.06
2024-05-13,443.08
2024-05-14,445.93
2024-05-15,452.9
2024-05-16,451.98
2024-05-17,451.76
2024-05-20,454.91
2024-05-21,455.8
2024-05-22,455.71
2024-05-23,453.66
2024-05-24,457.95
2024-05-28,459.68
2024-05-29,456.44
2024-05-30,451.55
2024-05-31,450.71
2024-06-03,453.13
2024-06-04,454.37
2024-06-05,463.53
2024-06-06,463.37
2024-06-07,462.96
2024-06-10,464.83
2024-06-11,468.02
2024-06-12,474.15
2024-06-13,476.72
2024-06-14,479.19
2024-06-17,485.06
2024-06-18,485.21
2024-06-20,481.47
2024-06-21,480.18
2024-06-24,473.96
2024-06-25,479.38
2024-06-26,480.37
2024-06-27,481.61
2024-06-28,479.11
2024-07-01,481.92
2024-07-02,486.98
2024-07-03,491.04
2024-07-05,496.16
2024-07-08,497.34
2024-07-09,497.77
2024-07-10,502.96
2024-07-11,491.93
2024-07-12,494.82
2024-07-15,496.15
2024-07-16,496.34
2024-07-17,481.77
2024-07-18,479.49
2024-07-19,475.24
2024-07-22,482.32
2024-07-23,480.62
2024-07-24,463.38
2024-07-25,458.27
2024-07-26,462.97
2024-07-29,463.9
2024-07-30,457.53
2024-07-31,471.07
2024-08-01,459.66
2024-08-02,448.75
2024-08-05,435.37
2024-08-06,439.53
2024-08-07,434.77
2024-08-08,448.07
2024-08-09,450.41
2024-08-12,451.38
2024-08-13,462.58
2024-08-14,462.73
2024-08-15,474.42
2024-08-16,475.03
2024-08-19,481.27
2024-08-20,480.26
2024-08-21,482.5
2024-08-22,474.85
2024-08-23,480.0
2024-08-26,475.34
2024-08-27,476.76
2024-08-28,471.35
2024-08-29,470.66
2024-08-30,476.27
2024-09-03,461.81
2024-09-04,460.61
2024-09-05,461.04
2024-09-06,448.69
2024-09-09,454.46
2024-09-10,458.66
2024-09-11,468.62
2024-09-12,473.22
2024-09-13,475.34
2024-09-16,473.24
2024-09-17,473.49
2024-09-18,471.44
2024-09-19,483.36
2024-09-20,482.44
2024-09-23,483.04
2024-09-24,485.37
2024-09-25,485.82
2024-09-26,489.47
2024-09-27,486.75
2024-09-30,488.07
2024-10-01,481.27
2024-10-02,481.95
2024-10-03,481.59
2024-10-04,487.32
2024-10-07,482.1
2024-10-08,489.3
2024-10-09,493.15
2024-10-10,492.59
2024-10-11,493.36
2024-10-14,497.5
2024-10-15,490.85
2024-10-16,490.91
2024-10-17,491.25
2024-10-18,494.47
2024-10-21,495.42
2024-10-22,495.96
2024-10-23,488.36
2024-10-24,492.32
2024-10-25,495.32
2024-10-28,495.4
2024-10-29,500.16
2024-10-30,496.38
2024-10-31,483.85
2024-11-01,487.43
2024-11-04,486.01
2024-11-05,492.21
2024-11-06,505.58
2024-11-07,513.54
2024-11-08,514.14
2024-11-11,513.84
2024-11-12,512.91
2024-11-13,512.25
2024-11-14,508.69
2024-11-15,496.57
2024-11-18,500.02
2024-11-19,503.46
2024-11-20,503.17
2024-11-21,504.98
2024-11-22,505.79
2024-11-25,506.59
2024-11-26,509.31
2024-11-27,505.3
2024-11-29,509.74
2024-12-02,515.29
2024-12-03,516.87
2024-12-04,523.26
2024-12-05,521.81
2024-12-06,526.48
2024-12-09,522.38
2024-12-10,520.6
2024-12-11,529.92
2024-12-12,526.5
2024-12-13,530.53
2024-12-16,538.17
2024-12-17,535.8
2024-12-18,516.47
2024-12-19,514.17
2024-12-20,518.66
2024-12-23,522.87
2024-12-24,529.96
2024-12-26,529.6
2024-12-27,522.56
2024-12-30,515.61
2024-12-31,511.23
2025-01-02,510.23
2025-01-03,518.58
2025-01-06,524.54
2025-01-07,515.18
2025-01-08,515.27
2025-01-10,507.19
2025-01-13,505.56
2025-01-14,505.08
2025-01-15,516.7
2025-01-16,513.08
2025-01-17,521.74
2025-01-21,524.8
2025-01-22,531.51
2025-01-23,532.64
2025-01-24,529.63
2025-01-27,514.21
2025-01-28,521.81
2025-01-29,520.83
2025-01-30,523.05
2025-01-31,522.29
2025-02-03,518.11
2025-02-04,524.47
2025-02-05,526.85
2025-02-06,529.6
2025-02-07,522.92
2025-02-10,529.25
2025-02-11,527.99
2025-02-12,528.3
2025-02-13,535.9
2025-02-14,538.15
2025-02-18,539.37
2025-02-19,539.52
2025-02-20,537.23
2025-02-21,526.08
2025-02-24,519.87
2025-02-25,513.32
2025-02-26,514.56
2025-02-27,500.27
2025-02-28,508.17
2025-03-03,497.05
2025-03-04,495.55
2025-03-05,502.01
2025-03-06,488.2
2025-03-07,491.79
2025-03-10,472.73
2025-03-11,471.6
2025-03-12,476.92
2025-03-13,468.34
2025-03-14,479.66
2025-03-17,482.77
2025-03-18,474.54
2025-03-19,480.89
2025-03-20,479.26
2025-03-21,480.84
2025-03-24,490.66
2025-03-25,493.46
2025-03-26,484.38
2025-03-27,481.62
2025-03-28,468.94
2025-03-31,468.92
2025-04-01,472.7
2025-04-02,476.15
2025-04-03,450.66
2025-04-04,422.67
2025-04-07,423.69
2025-04-08,416.06
2025-04-09,466.0
2025-04-10,446.18
2025-04-11,454.4
2025-04-14,457.48
2025-04-15,457.99
2025-04-16,444.18
2025-04-17,444.1
2025-04-21,433.11
2025-04-22,444.48
2025-04-23,454.56
2025-04-24,467.35
2025-04-25,472.56
2025-04-28,472.41
2025-04-29,475.53
2025-04-30,475.47
2025-05-01,481.68
2025-05-02,488.83
2025-05-05,485.93
2025-05-06,481.41
2025-05-07,483.3
2025-05-08,488.29
2025-05-09,487.97
2025-05-12,507.85
2025-05-13,515.59
2025-05-14,518.68
2025-05-15,519.25
2025-05-16,521.51
2025-05-19,522.01
2025-05-20,520.27
2025-05-21,513.04
2025-05-22,514.0
2025-05-23,509.24
2025-05-27,521.22
2025-05-28,521.22
2025-05-29,519.93
2025-05-30,519.11
2025-06-02,523.21
2025-06-03,527.3
2025-06-04,528.77
2025-06-05,524.79
2025-06-06,529.92
2025-06-09,530.7
2025-06-10,534.21
2025-06-11,532.41
2025-06-12,533.66
2025-06-13,526.96
2025-06-16,534.29
2025-06-17,529.08
2025-06-18,528.99
2025-06-20,526.83
2025-06-23,531.65
2025-06-24,539.78
2025-06-25,541.16
2025-06-26,546.22
2025-06-27,548.09
2025-06-30,551.64
2025-07-01,546.99
2025-07-02,550.8
2025-07-03,556.22
2025-07-07,552.03
2025-07-08,552.34
2025-07-09,556.25
2025-07-10,555.45
2025-07-11,554.2
2025-07-14,556.21
2025-07-15,556.72
2025-07-16,557.29
2025-07-17,561.8
2025-07-18,561.26
2025-07-21,564.17
2025-07-22,561.25
2025-07-23,563.81
2025-07-24,565.01
2025-07-25,566.37
2025-07-28,568.14
2025-07-29,567.26
2025-07-30,568.02
2025-07-31,565.01
2025-08-01,553.88
2025-08-04,564.1
2025-08-05,560.27
2025-08-06,567.32
2025-08-07,569.24
2025-08-08,574.55
2025-08-11,572.85
2025-08-12,580.05
2025-08-13,580.34
2025-08-14,579.89
2025-08-15,577.34
2025-08-18,577.11
2025-08-19,569.28
2025-08-20,565.9
2025-08-21,563.28
2025-08-22,571.97
2025-08-25,570.32
2025-08-26,572.61
2025-08-27,573.49
2025-08-28,577.08
2025-08-29,570.4
2025-09-02,565.62
2025-09-03,570.07
2025-09-04,575.23
2025-09-05,576.06
2025-09-08,578.87
2025-09-09,580.51
2025-09-10,580.7
2025-09-11,584.08
2025-09-12,586.66
2025-09-15,591.68
2025-09-16,591.18
2025-09-17,590.0
2025-09-18,595.32
2025-09-19,599.35
2025-09-22,602.2
2025-09-23,598.2
2025-09-24,596.1
2025-09-25,593.53
2025-09-26,595.97
2025-09-29,598.73
2025-09-30,600.37
2025-10-01,603.25
2025-10-02,605.73
2025-10-03,603.18
2025-10-06,607.71
2025-10-07,604.51
2025-10-08,611.44
2025-10-09,610.7
2025-10-10,589.5
2025-10-13,602.01
2025-10-14,598.0
2025-10-15,602.22
2025-10-16,599.99
2025-10-17,603.93
2025-10-20,611.54
2025-10-21,611.38
2025-10-22,605.49
2025-10-23,610.58
2025-10-24,617.1
2025-10-27,628.09
2025-10-28,632.92
2025-10-29,635.77
2025-10-30,626.05
2025-10-31,629.07
2025-11-03,632.08
2025-11-04,619.25
2025-11-05,623.28
2025-11-06,611.67
2025-11-07,609.74
2025-11-10,623.23
2025-11-11,621.57
2025-11-12,621.08
2025-11-13,608.4
2025-11-14,608.86
2025-11-17,603.66
2025-11-18,596.31
2025-11-19,599.87
2025-11-20,585.67
2025-11-21,590.07
2025-11-24,605.16
2025-11-25,608.89
2025-11-26,614.27
2025-11-28,619.25
2025-12-01,617.17
2025-12-02,622.0
2025-12-03,623.52
2025-12-04,622.94
2025-12-05,625.48
2025-12-08,624.28
2025-12-09,625.05
2025-12-10,627.61
2025-12-11,625.58
2025-12-12,613.62
2025-12-15,610.54
2025-12-16,611.75
2025-12-17,600.41
2025-12-18,609.11
2025-12-19,617.05
2025-12-22,619.21
2025-12-23,622.11
2025-12-24,623.93
2025-12-26,623.89
2025-12-29,620.87
2025-12-30,619.43
2025-12-31,614.31
2026-01-02,613.12
2026-01-05,617.99
2026-01-06,623.42
2026-01-07,624.02
2026-01-08,620.47
2026-01-09,626.65
2026-01-12,627.17
2026-01-13,626.24
2026-01-14,619.55
2026-01-15,621.78
2026-01-16,621.26
2026-01-20,608.06
2026-01-21,616.28
2026-01-22,620.76
2026-01-23,622.72
2026-01-26,625.46
2026-01-27,631.13
2026-01-28,633.22
2026-01-29,629.43
2026-01-30,621.87
2026-02-02,626.14
2026-02-03,616.52
2026-02-04,605.75
2026-02-05,597.03
2026-02-06,609.65
2026-02-09,614.32
2026-02-10,611.47
2026-02-11,613.11
2026-02-12,600.64
2026-02-13,601.92
2026-02-17,601.3
2026-02-18,605.79
2026-02-19,603.47
2026-02-20,608.81
2026-02-23,601.41
2026-02-24,607.87
2026-02-25,616.68
2026-02-26,609.24
2026-02-27,607.29
2026-03-02,608.09
2026-03-03,601.58
2026-03-04,610.75
2026-03-05,608.91
2026-03-06,599.75
2026-03-09,607.76
2026-03-10,607.77
2026-03-11,607.69
2026-03-12,597.26
2026-03-13,593.72
2026-03-16,600.38
2026-03-17,603.31
2026-03-18,594.9
2026-03-19,593.02
2026-03-20,582.06
2026-03-23,588.0
2026-03-24,583.98
2026-03-25,587.82
2026-03-26,573.79
2026-03-27,562.58
2026-03-30,558.28
2026-03-31,577.18
2026-04-01,584.31
2026-04-02,584.98
2026-04-06,588.5
2026-04-07,588.59
2026-04-08,606.09
2026-04-09,610.19
2026-04-10,611.07
2026-04-13,617.39
2026-04-14,628.6
2026-04-15,637.4
2026-04-16,640.47
2026-04-17,648.85
2026-04-20,646.79
2026-04-21,644.33
2026-04-22,655.11
2026-04-23,651.42
2026-04-24,663.88
2026-04-27,664.23
2026-04-28,657.55
2026-04-29,661.57
2026-04-30,667.74
2026-05-01,674.15
2026-05-04,672.88
2026-05-05,681.61
2026-05-06,695.77
2026-05-07,694.94
2026-05-08,711.23
2026-05-11,713.29
2026-05-12,707.24
2026-05-13,714.71
2026-05-14,719.79
2026-05-15,708.93
2026-05-18,705.88
2026-05-19,701.53
2026-05-20,713.15
2026-05-21,714.51
2026-05-22,717.54
2026-05-26,730.28
2026-05-27,729.45
2026-05-28,735.6
2026-05-29,738.31
2026-06-01,742.74
2026-06-02,746.16
2026-06-03,744.21
2026-06-04,740.61
2026-06-05,705.06
2026-06-08,716.07
2026-06-09,707.83
2026-06-10,693.69
2026-06-11,717.12
2026-06-12,721.34
2026-06-15,744.0
2026-06-16,729.86
2026-06-17,722.51
2026-06-18,740.62
2026-06-22,737.95
2026-06-23,713.65
2026-06-24,710.62
2026-06-25,716.38
2026-06-26,706.52
2026-06-29,724.08
2026-06-30,736.4
2026-07-01,725.17
2026-07-02,712.6
2026-07-06,722.82
2026-07-07,709.43
2026-07-08,711.44
2026-07-09,723.28
2026-07-10,725.51
2026-07-13,711.74
2026-07-14,719.69
2026-07-15,717.74
2026-07-16,705.94
2026-07-17,695.33
2026-07-20,696.06
2026-07-21,708.97
2026-07-22,705.35
2026-07-23,691.96
2026-07-24,684.23
2026-07-27,682.12
2026-07-28,675.49
2026-07-29,661.73
2026-07-30,683.55
2026-07-31,687.99
2026-08-03,700.07
2026-08-04,723.85
2026-08-05,717.3
2026-08-06,714.65
2026-08-07,723.03
2026-08-10,720.87
2026-08-11,718.45
2026-08-12,723.7
2026-08-13,732.07
2026-08-14,731.07
2026-08-17,729.87
2026-08-18,717.51
2026-08-19,716.08
2026-08-20,710.93
2026-08-21,713.44
2026-08-24,706.32
2026-08-25,710.72
2026-08-26,711.37
2026-08-27,721.11
2026-08-28,716.43
